BEGIN;

INSERT INTO certifications VALUES ('AZ-204', 'Azure Developer Associate', 80) ON CONFLICT DO NOTHING;
INSERT INTO certifications VALUES ('AZ-900', 'Azure Fundamentals', 40) ON CONFLICT DO NOTHING;
INSERT INTO certifications VALUES ('AZ-305', 'Azure Solutions Architect Expert', 120) ON CONFLICT DO NOTHING;
INSERT INTO certifications VALUES ('AWS-SAA', 'AWS Solutions Architect Associate', 90) ON CONFLICT DO NOTHING;
INSERT INTO certifications VALUES ('AWS-DVA', 'AWS Developer Associate', 75) ON CONFLICT DO NOTHING;
INSERT INTO certifications VALUES ('GCP-ACE', 'GCP Associate Cloud Engineer', 70) ON CONFLICT DO NOTHING;
INSERT INTO certifications VALUES ('SC-900', 'Microsoft Security Fundamentals', 35) ON CONFLICT DO NOTHING;
INSERT INTO certifications VALUES ('DP-900', 'Azure Data Fundamentals', 30) ON CONFLICT DO NOTHING;

INSERT INTO managers VALUES ('M-001', 'Sarah Chen', 'Cloud Infrastructure') ON CONFLICT DO NOTHING;
INSERT INTO managers VALUES ('M-002', 'Raj Sharma', 'Platform Engineering') ON CONFLICT DO NOTHING;
INSERT INTO managers VALUES ('M-003', 'Lisa Park', 'Security & Compliance') ON CONFLICT DO NOTHING;
INSERT INTO managers VALUES ('M-004', 'David Obi', 'Data & AI') ON CONFLICT DO NOTHING;

INSERT INTO learners (learner_id,name,email,role,department,manager_id,certification_id,exam_date,weeks_until_exam,hours_studied,total_required_hours,weekly_available_hours,completion_pct,practice_score,assessment_score,pass_probability,risk_level,confidence_score,meeting_hours_weekly,focus_hours_weekly,preferred_learning_slot,current_skill_level,enrolled_date,last_activity,engagement_score,streak_days,modules_completed,total_modules) VALUES ('L-1000','Alicia Vang','kathleen93@example.net','Solution Architect','Data & AI','M-004','AZ-305','2026-07-21',6,28,120,7,23.3,69,69,60.1,'moderate_risk',69,25,14,'Morning','Intermediate','2026-03-24','2026-06-05',30,24,3,14) ON CONFLICT DO NOTHING;
INSERT INTO skill_gaps (learner_id, skill_area, gap_score) VALUES ('L-1000', 'Azure Architecture', 74);
INSERT INTO skill_gaps (learner_id, skill_area, gap_score) VALUES ('L-1000', 'Security & Compliance', 87);
INSERT INTO skill_gaps (learner_id, skill_area, gap_score) VALUES ('L-1000', 'DevOps & CI/CD', 13);
INSERT INTO skill_gaps (learner_id, skill_area, gap_score) VALUES ('L-1000', 'Networking', 81);
INSERT INTO skill_gaps (learner_id, skill_area, gap_score) VALUES ('L-1000', 'IAM & Access', 35);
INSERT INTO skill_gaps (learner_id, skill_area, gap_score) VALUES ('L-1000', 'Storage & Databases', 79);
INSERT INTO skill_gaps (learner_id, skill_area, gap_score) VALUES ('L-1000', 'AI / ML Services', 63);
INSERT INTO skill_gaps (learner_id, skill_area, gap_score) VALUES ('L-1000', 'Kubernetes & Containers', 38);
INSERT INTO learners (learner_id,name,email,role,department,manager_id,certification_id,exam_date,weeks_until_exam,hours_studied,total_required_hours,weekly_available_hours,completion_pct,practice_score,assessment_score,pass_probability,risk_level,confidence_score,meeting_hours_weekly,focus_hours_weekly,preferred_learning_slot,current_skill_level,enrolled_date,last_activity,engagement_score,streak_days,modules_completed,total_modules) VALUES ('L-1001','Megan Martinez','xrodriguez@example.net','Data Engineer','Security & Compliance','M-003','AZ-204','2026-07-07',4,52,80,7,65.0,100,98,90.6,'exam_ready',100,11,24,'Evening','Intermediate','2026-02-24','2026-06-04',54,22,2,8) ON CONFLICT DO NOTHING;
INSERT INTO skill_gaps (learner_id, skill_area, gap_score) VALUES ('L-1001', 'Azure Architecture', 43);
INSERT INTO skill_gaps (learner_id, skill_area, gap_score) VALUES ('L-1001', 'Security & Compliance', 15);
INSERT INTO skill_gaps (learner_id, skill_area, gap_score) VALUES ('L-1001', 'DevOps & CI/CD', 68);
INSERT INTO skill_gaps (learner_id, skill_area, gap_score) VALUES ('L-1001', 'Networking', 78);
INSERT INTO skill_gaps (learner_id, skill_area, gap_score) VALUES ('L-1001', 'IAM & Access', 25);
INSERT INTO skill_gaps (learner_id, skill_area, gap_score) VALUES ('L-1001', 'Storage & Databases', 58);
INSERT INTO skill_gaps (learner_id, skill_area, gap_score) VALUES ('L-1001', 'AI / ML Services', 20);
INSERT INTO skill_gaps (learner_id, skill_area, gap_score) VALUES ('L-1001', 'Kubernetes & Containers', 80);
INSERT INTO learners (learner_id,name,email,role,department,manager_id,certification_id,exam_date,weeks_until_exam,hours_studied,total_required_hours,weekly_available_hours,completion_pct,practice_score,assessment_score,pass_probability,risk_level,confidence_score,meeting_hours_weekly,focus_hours_weekly,preferred_learning_slot,current_skill_level,enrolled_date,last_activity,engagement_score,streak_days,modules_completed,total_modules) VALUES ('L-1002','Charles Reid','coxjohn@example.com','Security Analyst','Security & Compliance','M-003','AZ-900','2026-06-30',3,35,40,7,87.5,71,82,60.1,'exam_ready',71,19,19,'Evening','Intermediate','2026-02-17','2026-06-06',71,26,1,11) ON CONFLICT DO NOTHING;
INSERT INTO skill_gaps (learner_id, skill_area, gap_score) VALUES ('L-1002', 'Azure Architecture', 19);
INSERT INTO skill_gaps (learner_id, skill_area, gap_score) VALUES ('L-1002', 'Security & Compliance', 87);
INSERT INTO skill_gaps (learner_id, skill_area, gap_score) VALUES ('L-1002', 'DevOps & CI/CD', 31);
INSERT INTO skill_gaps (learner_id, skill_area, gap_score) VALUES ('L-1002', 'Networking', 78);
INSERT INTO skill_gaps (learner_id, skill_area, gap_score) VALUES ('L-1002', 'IAM & Access', 41);
INSERT INTO skill_gaps (learner_id, skill_area, gap_score) VALUES ('L-1002', 'Storage & Databases', 30);
INSERT INTO skill_gaps (learner_id, skill_area, gap_score) VALUES ('L-1002', 'AI / ML Services', 69);
INSERT INTO skill_gaps (learner_id, skill_area, gap_score) VALUES ('L-1002', 'Kubernetes & Containers', 58);
INSERT INTO learners (learner_id,name,email,role,department,manager_id,certification_id,exam_date,weeks_until_exam,hours_studied,total_required_hours,weekly_available_hours,completion_pct,practice_score,assessment_score,pass_probability,risk_level,confidence_score,meeting_hours_weekly,focus_hours_weekly,preferred_learning_slot,current_skill_level,enrolled_date,last_activity,engagement_score,streak_days,modules_completed,total_modules) VALUES ('L-1003','Gene Barrett','michaelnolan@example.com','Cloud Engineer','Data & AI','M-004','AZ-900','2026-08-04',8,9,40,7,22.5,47,41,43.2,'moderate_risk',47,18,19,'Afternoon','Advanced','2026-03-24','2026-06-03',81,11,4,10) ON CONFLICT DO NOTHING;
INSERT INTO skill_gaps (learner_id, skill_area, gap_score) VALUES ('L-1003', 'Azure Architecture', 68);
INSERT INTO skill_gaps (learner_id, skill_area, gap_score) VALUES ('L-1003', 'Security & Compliance', 28);
INSERT INTO skill_gaps (learner_id, skill_area, gap_score) VALUES ('L-1003', 'DevOps & CI/CD', 43);
INSERT INTO skill_gaps (learner_id, skill_area, gap_score) VALUES ('L-1003', 'Networking', 27);
INSERT INTO skill_gaps (learner_id, skill_area, gap_score) VALUES ('L-1003', 'IAM & Access', 41);
INSERT INTO skill_gaps (learner_id, skill_area, gap_score) VALUES ('L-1003', 'Storage & Databases', 81);
INSERT INTO skill_gaps (learner_id, skill_area, gap_score) VALUES ('L-1003', 'AI / ML Services', 78);
INSERT INTO skill_gaps (learner_id, skill_area, gap_score) VALUES ('L-1003', 'Kubernetes & Containers', 43);
INSERT INTO learners (learner_id,name,email,role,department,manager_id,certification_id,exam_date,weeks_until_exam,hours_studied,total_required_hours,weekly_available_hours,completion_pct,practice_score,assessment_score,pass_probability,risk_level,confidence_score,meeting_hours_weekly,focus_hours_weekly,preferred_learning_slot,current_skill_level,enrolled_date,last_activity,engagement_score,streak_days,modules_completed,total_modules) VALUES ('L-1004','Adrian Adams','fdickerson@example.com','Network Engineer','Data & AI','M-004','AZ-900','2026-06-23',2,32,40,5,80.0,63,65,48.7,'moderate_risk',63,21,18,'Evening','Intermediate','2026-04-14','2026-06-07',88,0,12,12) ON CONFLICT DO NOTHING;
INSERT INTO skill_gaps (learner_id, skill_area, gap_score) VALUES ('L-1004', 'Azure Architecture', 42);
INSERT INTO skill_gaps (learner_id, skill_area, gap_score) VALUES ('L-1004', 'Security & Compliance', 80);
INSERT INTO skill_gaps (learner_id, skill_area, gap_score) VALUES ('L-1004', 'DevOps & CI/CD', 11);
INSERT INTO skill_gaps (learner_id, skill_area, gap_score) VALUES ('L-1004', 'Networking', 24);
INSERT INTO skill_gaps (learner_id, skill_area, gap_score) VALUES ('L-1004', 'IAM & Access', 78);
INSERT INTO skill_gaps (learner_id, skill_area, gap_score) VALUES ('L-1004', 'Storage & Databases', 44);
INSERT INTO skill_gaps (learner_id, skill_area, gap_score) VALUES ('L-1004', 'AI / ML Services', 53);
INSERT INTO skill_gaps (learner_id, skill_area, gap_score) VALUES ('L-1004', 'Kubernetes & Containers', 24);
INSERT INTO learners (learner_id,name,email,role,department,manager_id,certification_id,exam_date,weeks_until_exam,hours_studied,total_required_hours,weekly_available_hours,completion_pct,practice_score,assessment_score,pass_probability,risk_level,confidence_score,meeting_hours_weekly,focus_hours_weekly,preferred_learning_slot,current_skill_level,enrolled_date,last_activity,engagement_score,streak_days,modules_completed,total_modules) VALUES ('L-1005','Robert Moss','steinkevin@example.org','DevOps Lead','Cloud Infrastructure','M-001','GCP-ACE','2026-06-30',3,55,70,7,78.6,100,96,90.5,'exam_ready',100,19,19,'Evening','Beginner','2026-02-17','2026-06-08',40,23,8,9) ON CONFLICT DO NOTHING;
INSERT INTO skill_gaps (learner_id, skill_area, gap_score) VALUES ('L-1005', 'Azure Architecture', 51);
INSERT INTO skill_gaps (learner_id, skill_area, gap_score) VALUES ('L-1005', 'Security & Compliance', 72);
INSERT INTO skill_gaps (learner_id, skill_area, gap_score) VALUES ('L-1005', 'DevOps & CI/CD', 12);
INSERT INTO skill_gaps (learner_id, skill_area, gap_score) VALUES ('L-1005', 'Networking', 24);
INSERT INTO skill_gaps (learner_id, skill_area, gap_score) VALUES ('L-1005', 'IAM & Access', 56);
INSERT INTO skill_gaps (learner_id, skill_area, gap_score) VALUES ('L-1005', 'Storage & Databases', 49);
INSERT INTO skill_gaps (learner_id, skill_area, gap_score) VALUES ('L-1005', 'AI / ML Services', 40);
INSERT INTO skill_gaps (learner_id, skill_area, gap_score) VALUES ('L-1005', 'Kubernetes & Containers', 17);
INSERT INTO learners (learner_id,name,email,role,department,manager_id,certification_id,exam_date,weeks_until_exam,hours_studied,total_required_hours,weekly_available_hours,completion_pct,practice_score,assessment_score,pass_probability,risk_level,confidence_score,meeting_hours_weekly,focus_hours_weekly,preferred_learning_slot,current_skill_level,enrolled_date,last_activity,engagement_score,streak_days,modules_completed,total_modules) VALUES ('L-1006','George Norton','jamie16@example.net','DevOps Lead','Platform Engineering','M-002','AZ-204','2026-09-01',12,75,80,12,93.8,100,100,99,'exam_ready',100,27,7,'Evening','Beginner','2026-05-05','2026-06-08',73,0,10,16) ON CONFLICT DO NOTHING;
INSERT INTO skill_gaps (learner_id, skill_area, gap_score) VALUES ('L-1006', 'Azure Architecture', 35);
INSERT INTO skill_gaps (learner_id, skill_area, gap_score) VALUES ('L-1006', 'Security & Compliance', 49);
INSERT INTO skill_gaps (learner_id, skill_area, gap_score) VALUES ('L-1006', 'DevOps & CI/CD', 61);
INSERT INTO skill_gaps (learner_id, skill_area, gap_score) VALUES ('L-1006', 'Networking', 57);
INSERT INTO skill_gaps (learner_id, skill_area, gap_score) VALUES ('L-1006', 'IAM & Access', 66);
INSERT INTO skill_gaps (learner_id, skill_area, gap_score) VALUES ('L-1006', 'Storage & Databases', 76);
INSERT INTO skill_gaps (learner_id, skill_area, gap_score) VALUES ('L-1006', 'AI / ML Services', 67);
INSERT INTO skill_gaps (learner_id, skill_area, gap_score) VALUES ('L-1006', 'Kubernetes & Containers', 25);
INSERT INTO learners (learner_id,name,email,role,department,manager_id,certification_id,exam_date,weeks_until_exam,hours_studied,total_required_hours,weekly_available_hours,completion_pct,practice_score,assessment_score,pass_probability,risk_level,confidence_score,meeting_hours_weekly,focus_hours_weekly,preferred_learning_slot,current_skill_level,enrolled_date,last_activity,engagement_score,streak_days,modules_completed,total_modules) VALUES ('L-1007','Lindsay Foster','sjarvis@example.com','Security Analyst','Cloud Infrastructure','M-001','SC-900','2026-06-23',2,35,35,5,100.0,72,74,61.9,'exam_ready',72,9,26,'Evening','Intermediate','2026-05-05','2026-06-02',82,6,2,9) ON CONFLICT DO NOTHING;
INSERT INTO skill_gaps (learner_id, skill_area, gap_score) VALUES ('L-1007', 'Azure Architecture', 40);
INSERT INTO skill_gaps (learner_id, skill_area, gap_score) VALUES ('L-1007', 'Security & Compliance', 45);
INSERT INTO skill_gaps (learner_id, skill_area, gap_score) VALUES ('L-1007', 'DevOps & CI/CD', 72);
INSERT INTO skill_gaps (learner_id, skill_area, gap_score) VALUES ('L-1007', 'Networking', 37);
INSERT INTO skill_gaps (learner_id, skill_area, gap_score) VALUES ('L-1007', 'IAM & Access', 79);
INSERT INTO skill_gaps (learner_id, skill_area, gap_score) VALUES ('L-1007', 'Storage & Databases', 26);
INSERT INTO skill_gaps (learner_id, skill_area, gap_score) VALUES ('L-1007', 'AI / ML Services', 83);
INSERT INTO skill_gaps (learner_id, skill_area, gap_score) VALUES ('L-1007', 'Kubernetes & Containers', 83);
INSERT INTO learners (learner_id,name,email,role,department,manager_id,certification_id,exam_date,weeks_until_exam,hours_studied,total_required_hours,weekly_available_hours,completion_pct,practice_score,assessment_score,pass_probability,risk_level,confidence_score,meeting_hours_weekly,focus_hours_weekly,preferred_learning_slot,current_skill_level,enrolled_date,last_activity,engagement_score,streak_days,modules_completed,total_modules) VALUES ('L-1008','Ashley Whitaker','lawrence13@example.com','ML Engineer','Cloud Infrastructure','M-001','GCP-ACE','2026-08-04',8,64,70,10,91.4,100,98,91.8,'exam_ready',100,28,11,'Morning','Intermediate','2026-04-07','2026-06-06',39,14,9,9) ON CONFLICT DO NOTHING;
INSERT INTO skill_gaps (learner_id, skill_area, gap_score) VALUES ('L-1008', 'Azure Architecture', 41);
INSERT INTO skill_gaps (learner_id, skill_area, gap_score) VALUES ('L-1008', 'Security & Compliance', 34);
INSERT INTO skill_gaps (learner_id, skill_area, gap_score) VALUES ('L-1008', 'DevOps & CI/CD', 34);
INSERT INTO skill_gaps (learner_id, skill_area, gap_score) VALUES ('L-1008', 'Networking', 78);
INSERT INTO skill_gaps (learner_id, skill_area, gap_score) VALUES ('L-1008', 'IAM & Access', 67);
INSERT INTO skill_gaps (learner_id, skill_area, gap_score) VALUES ('L-1008', 'Storage & Databases', 27);
INSERT INTO skill_gaps (learner_id, skill_area, gap_score) VALUES ('L-1008', 'AI / ML Services', 64);
INSERT INTO skill_gaps (learner_id, skill_area, gap_score) VALUES ('L-1008', 'Kubernetes & Containers', 33);
INSERT INTO learners (learner_id,name,email,role,department,manager_id,certification_id,exam_date,weeks_until_exam,hours_studied,total_required_hours,weekly_available_hours,completion_pct,practice_score,assessment_score,pass_probability,risk_level,confidence_score,meeting_hours_weekly,focus_hours_weekly,preferred_learning_slot,current_skill_level,enrolled_date,last_activity,engagement_score,streak_days,modules_completed,total_modules) VALUES ('L-1009','Thomas Thompson','yfrancis@example.org','Cloud Engineer','Data & AI','M-004','AZ-305','2026-08-18',10,7,120,3,5.8,39,45,27.3,'high_risk',39,13,21,'Afternoon','Intermediate','2026-04-28','2026-06-03',92,4,4,12) ON CONFLICT DO NOTHING;
INSERT INTO skill_gaps (learner_id, skill_area, gap_score) VALUES ('L-1009', 'Azure Architecture', 37);
INSERT INTO skill_gaps (learner_id, skill_area, gap_score) VALUES ('L-1009', 'Security & Compliance', 61);
INSERT INTO skill_gaps (learner_id, skill_area, gap_score) VALUES ('L-1009', 'DevOps & CI/CD', 17);
INSERT INTO skill_gaps (learner_id, skill_area, gap_score) VALUES ('L-1009', 'Networking', 31);
INSERT INTO skill_gaps (learner_id, skill_area, gap_score) VALUES ('L-1009', 'IAM & Access', 58);
INSERT INTO skill_gaps (learner_id, skill_area, gap_score) VALUES ('L-1009', 'Storage & Databases', 10);
INSERT INTO skill_gaps (learner_id, skill_area, gap_score) VALUES ('L-1009', 'AI / ML Services', 59);
INSERT INTO skill_gaps (learner_id, skill_area, gap_score) VALUES ('L-1009', 'Kubernetes & Containers', 43);
INSERT INTO learners (learner_id,name,email,role,department,manager_id,certification_id,exam_date,weeks_until_exam,hours_studied,total_required_hours,weekly_available_hours,completion_pct,practice_score,assessment_score,pass_probability,risk_level,confidence_score,meeting_hours_weekly,focus_hours_weekly,preferred_learning_slot,current_skill_level,enrolled_date,last_activity,engagement_score,streak_days,modules_completed,total_modules) VALUES ('L-1010','Jordan Roberts','allenbrandon@example.net','Security Analyst','Platform Engineering','M-002','SC-900','2026-08-25',11,6,35,15,17.1,33,31,28.7,'high_risk',33,26,7,'Morning','Advanced','2026-03-24','2026-06-09',40,13,11,16) ON CONFLICT DO NOTHING;
INSERT INTO skill_gaps (learner_id, skill_area, gap_score) VALUES ('L-1010', 'Azure Architecture', 18);
INSERT INTO skill_gaps (learner_id, skill_area, gap_score) VALUES ('L-1010', 'Security & Compliance', 86);
INSERT INTO skill_gaps (learner_id, skill_area, gap_score) VALUES ('L-1010', 'DevOps & CI/CD', 18);
INSERT INTO skill_gaps (learner_id, skill_area, gap_score) VALUES ('L-1010', 'Networking', 40);
INSERT INTO skill_gaps (learner_id, skill_area, gap_score) VALUES ('L-1010', 'IAM & Access', 61);
INSERT INTO skill_gaps (learner_id, skill_area, gap_score) VALUES ('L-1010', 'Storage & Databases', 25);
INSERT INTO skill_gaps (learner_id, skill_area, gap_score) VALUES ('L-1010', 'AI / ML Services', 82);
INSERT INTO skill_gaps (learner_id, skill_area, gap_score) VALUES ('L-1010', 'Kubernetes & Containers', 41);
INSERT INTO learners (learner_id,name,email,role,department,manager_id,certification_id,exam_date,weeks_until_exam,hours_studied,total_required_hours,weekly_available_hours,completion_pct,practice_score,assessment_score,pass_probability,risk_level,confidence_score,meeting_hours_weekly,focus_hours_weekly,preferred_learning_slot,current_skill_level,enrolled_date,last_activity,engagement_score,streak_days,modules_completed,total_modules) VALUES ('L-1011','Robert Patel','johnwaters@example.org','Data Engineer','Data & AI','M-004','AZ-204','2026-07-14',5,45,80,10,56.2,95,92,85.0,'exam_ready',95,28,8,'Afternoon','Beginner','2026-03-31','2026-06-05',46,29,6,9) ON CONFLICT DO NOTHING;
INSERT INTO skill_gaps (learner_id, skill_area, gap_score) VALUES ('L-1011', 'Azure Architecture', 19);
INSERT INTO skill_gaps (learner_id, skill_area, gap_score) VALUES ('L-1011', 'Security & Compliance', 11);
INSERT INTO skill_gaps (learner_id, skill_area, gap_score) VALUES ('L-1011', 'DevOps & CI/CD', 68);
INSERT INTO skill_gaps (learner_id, skill_area, gap_score) VALUES ('L-1011', 'Networking', 89);
INSERT INTO skill_gaps (learner_id, skill_area, gap_score) VALUES ('L-1011', 'IAM & Access', 82);
INSERT INTO skill_gaps (learner_id, skill_area, gap_score) VALUES ('L-1011', 'Storage & Databases', 22);
INSERT INTO skill_gaps (learner_id, skill_area, gap_score) VALUES ('L-1011', 'AI / ML Services', 19);
INSERT INTO skill_gaps (learner_id, skill_area, gap_score) VALUES ('L-1011', 'Kubernetes & Containers', 78);
INSERT INTO learners (learner_id,name,email,role,department,manager_id,certification_id,exam_date,weeks_until_exam,hours_studied,total_required_hours,weekly_available_hours,completion_pct,practice_score,assessment_score,pass_probability,risk_level,confidence_score,meeting_hours_weekly,focus_hours_weekly,preferred_learning_slot,current_skill_level,enrolled_date,last_activity,engagement_score,streak_days,modules_completed,total_modules) VALUES ('L-1012','Judith Berg','rodriguezjared@example.org','Security Analyst','Cloud Infrastructure','M-001','AZ-900','2026-07-21',6,24,40,5,60.0,66,52,53.3,'moderate_risk',66,27,5,'Evening','Intermediate','2026-03-24','2026-06-06',73,6,11,12) ON CONFLICT DO NOTHING;
INSERT INTO skill_gaps (learner_id, skill_area, gap_score) VALUES ('L-1012', 'Azure Architecture', 23);
INSERT INTO skill_gaps (learner_id, skill_area, gap_score) VALUES ('L-1012', 'Security & Compliance', 27);
INSERT INTO skill_gaps (learner_id, skill_area, gap_score) VALUES ('L-1012', 'DevOps & CI/CD', 43);
INSERT INTO skill_gaps (learner_id, skill_area, gap_score) VALUES ('L-1012', 'Networking', 24);
INSERT INTO skill_gaps (learner_id, skill_area, gap_score) VALUES ('L-1012', 'IAM & Access', 23);
INSERT INTO skill_gaps (learner_id, skill_area, gap_score) VALUES ('L-1012', 'Storage & Databases', 80);
INSERT INTO skill_gaps (learner_id, skill_area, gap_score) VALUES ('L-1012', 'AI / ML Services', 29);
INSERT INTO skill_gaps (learner_id, skill_area, gap_score) VALUES ('L-1012', 'Kubernetes & Containers', 44);
INSERT INTO learners (learner_id,name,email,role,department,manager_id,certification_id,exam_date,weeks_until_exam,hours_studied,total_required_hours,weekly_available_hours,completion_pct,practice_score,assessment_score,pass_probability,risk_level,confidence_score,meeting_hours_weekly,focus_hours_weekly,preferred_learning_slot,current_skill_level,enrolled_date,last_activity,engagement_score,streak_days,modules_completed,total_modules) VALUES ('L-1013','Joseph Gonzalez','jessicabranch@example.net','Network Engineer','Platform Engineering','M-002','SC-900','2026-06-23',2,35,35,5,100.0,69,73,62.5,'moderate_risk',69,8,27,'Evening','Beginner','2026-02-17','2026-06-07',99,1,6,16) ON CONFLICT DO NOTHING;
INSERT INTO skill_gaps (learner_id, skill_area, gap_score) VALUES ('L-1013', 'Azure Architecture', 43);
INSERT INTO skill_gaps (learner_id, skill_area, gap_score) VALUES ('L-1013', 'Security & Compliance', 30);
INSERT INTO skill_gaps (learner_id, skill_area, gap_score) VALUES ('L-1013', 'DevOps & CI/CD', 66);
INSERT INTO skill_gaps (learner_id, skill_area, gap_score) VALUES ('L-1013', 'Networking', 80);
INSERT INTO skill_gaps (learner_id, skill_area, gap_score) VALUES ('L-1013', 'IAM & Access', 64);
INSERT INTO skill_gaps (learner_id, skill_area, gap_score) VALUES ('L-1013', 'Storage & Databases', 81);
INSERT INTO skill_gaps (learner_id, skill_area, gap_score) VALUES ('L-1013', 'AI / ML Services', 11);
INSERT INTO skill_gaps (learner_id, skill_area, gap_score) VALUES ('L-1013', 'Kubernetes & Containers', 24);
INSERT INTO learners (learner_id,name,email,role,department,manager_id,certification_id,exam_date,weeks_until_exam,hours_studied,total_required_hours,weekly_available_hours,completion_pct,practice_score,assessment_score,pass_probability,risk_level,confidence_score,meeting_hours_weekly,focus_hours_weekly,preferred_learning_slot,current_skill_level,enrolled_date,last_activity,engagement_score,streak_days,modules_completed,total_modules) VALUES ('L-1014','John King','jaime40@example.com','DevOps Lead','Platform Engineering','M-002','AWS-DVA','2026-07-07',4,16,75,3,21.3,37,59,30.1,'high_risk',37,9,26,'Afternoon','Beginner','2026-05-12','2026-06-04',82,25,11,11) ON CONFLICT DO NOTHING;
INSERT INTO skill_gaps (learner_id, skill_area, gap_score) VALUES ('L-1014', 'Azure Architecture', 81);
INSERT INTO skill_gaps (learner_id, skill_area, gap_score) VALUES ('L-1014', 'Security & Compliance', 62);
INSERT INTO skill_gaps (learner_id, skill_area, gap_score) VALUES ('L-1014', 'DevOps & CI/CD', 89);
INSERT INTO skill_gaps (learner_id, skill_area, gap_score) VALUES ('L-1014', 'Networking', 29);
INSERT INTO skill_gaps (learner_id, skill_area, gap_score) VALUES ('L-1014', 'IAM & Access', 40);
INSERT INTO skill_gaps (learner_id, skill_area, gap_score) VALUES ('L-1014', 'Storage & Databases', 30);
INSERT INTO skill_gaps (learner_id, skill_area, gap_score) VALUES ('L-1014', 'AI / ML Services', 32);
INSERT INTO skill_gaps (learner_id, skill_area, gap_score) VALUES ('L-1014', 'Kubernetes & Containers', 62);
INSERT INTO learners (learner_id,name,email,role,department,manager_id,certification_id,exam_date,weeks_until_exam,hours_studied,total_required_hours,weekly_available_hours,completion_pct,practice_score,assessment_score,pass_probability,risk_level,confidence_score,meeting_hours_weekly,focus_hours_weekly,preferred_learning_slot,current_skill_level,enrolled_date,last_activity,engagement_score,streak_days,modules_completed,total_modules) VALUES ('L-1015','Logan Stephens','peterwilliams@example.net','Platform Engineer','Security & Compliance','M-003','AZ-305','2026-06-30',3,77,120,10,64.2,89,100,92.0,'exam_ready',89,14,19,'Afternoon','Intermediate','2026-04-21','2026-06-03',98,10,1,9) ON CONFLICT DO NOTHING;
INSERT INTO skill_gaps (learner_id, skill_area, gap_score) VALUES ('L-1015', 'Azure Architecture', 39);
INSERT INTO skill_gaps (learner_id, skill_area, gap_score) VALUES ('L-1015', 'Security & Compliance', 38);
INSERT INTO skill_gaps (learner_id, skill_area, gap_score) VALUES ('L-1015', 'DevOps & CI/CD', 13);
INSERT INTO skill_gaps (learner_id, skill_area, gap_score) VALUES ('L-1015', 'Networking', 34);
INSERT INTO skill_gaps (learner_id, skill_area, gap_score) VALUES ('L-1015', 'IAM & Access', 61);
INSERT INTO skill_gaps (learner_id, skill_area, gap_score) VALUES ('L-1015', 'Storage & Databases', 52);
INSERT INTO skill_gaps (learner_id, skill_area, gap_score) VALUES ('L-1015', 'AI / ML Services', 45);
INSERT INTO skill_gaps (learner_id, skill_area, gap_score) VALUES ('L-1015', 'Kubernetes & Containers', 18);
INSERT INTO learners (learner_id,name,email,role,department,manager_id,certification_id,exam_date,weeks_until_exam,hours_studied,total_required_hours,weekly_available_hours,completion_pct,practice_score,assessment_score,pass_probability,risk_level,confidence_score,meeting_hours_weekly,focus_hours_weekly,preferred_learning_slot,current_skill_level,enrolled_date,last_activity,engagement_score,streak_days,modules_completed,total_modules) VALUES ('L-1016','Brandon Zhang','deborah87@example.org','Platform Engineer','Cloud Infrastructure','M-001','AZ-305','2026-08-25',11,7,120,7,5.8,41,39,28.4,'moderate_risk',41,18,16,'Afternoon','Beginner','2026-03-17','2026-06-04',70,21,2,12) ON CONFLICT DO NOTHING;
INSERT INTO skill_gaps (learner_id, skill_area, gap_score) VALUES ('L-1016', 'Azure Architecture', 15);
INSERT INTO skill_gaps (learner_id, skill_area, gap_score) VALUES ('L-1016', 'Security & Compliance', 65);
INSERT INTO skill_gaps (learner_id, skill_area, gap_score) VALUES ('L-1016', 'DevOps & CI/CD', 10);
INSERT INTO skill_gaps (learner_id, skill_area, gap_score) VALUES ('L-1016', 'Networking', 76);
INSERT INTO skill_gaps (learner_id, skill_area, gap_score) VALUES ('L-1016', 'IAM & Access', 78);
INSERT INTO skill_gaps (learner_id, skill_area, gap_score) VALUES ('L-1016', 'Storage & Databases', 35);
INSERT INTO skill_gaps (learner_id, skill_area, gap_score) VALUES ('L-1016', 'AI / ML Services', 56);
INSERT INTO skill_gaps (learner_id, skill_area, gap_score) VALUES ('L-1016', 'Kubernetes & Containers', 65);
INSERT INTO learners (learner_id,name,email,role,department,manager_id,certification_id,exam_date,weeks_until_exam,hours_studied,total_required_hours,weekly_available_hours,completion_pct,practice_score,assessment_score,pass_probability,risk_level,confidence_score,meeting_hours_weekly,focus_hours_weekly,preferred_learning_slot,current_skill_level,enrolled_date,last_activity,engagement_score,streak_days,modules_completed,total_modules) VALUES ('L-1017','Isaac Richardson','ndecker@example.org','Platform Engineer','Data & AI','M-004','GCP-ACE','2026-08-04',8,56,70,10,80.0,100,97,87.4,'exam_ready',100,14,20,'Evening','Intermediate','2026-05-05','2026-06-03',71,14,8,15) ON CONFLICT DO NOTHING;
INSERT INTO skill_gaps (learner_id, skill_area, gap_score) VALUES ('L-1017', 'Azure Architecture', 32);
INSERT INTO skill_gaps (learner_id, skill_area, gap_score) VALUES ('L-1017', 'Security & Compliance', 88);
INSERT INTO skill_gaps (learner_id, skill_area, gap_score) VALUES ('L-1017', 'DevOps & CI/CD', 82);
INSERT INTO skill_gaps (learner_id, skill_area, gap_score) VALUES ('L-1017', 'Networking', 48);
INSERT INTO skill_gaps (learner_id, skill_area, gap_score) VALUES ('L-1017', 'IAM & Access', 61);
INSERT INTO skill_gaps (learner_id, skill_area, gap_score) VALUES ('L-1017', 'Storage & Databases', 80);
INSERT INTO skill_gaps (learner_id, skill_area, gap_score) VALUES ('L-1017', 'AI / ML Services', 10);
INSERT INTO skill_gaps (learner_id, skill_area, gap_score) VALUES ('L-1017', 'Kubernetes & Containers', 48);
INSERT INTO learners (learner_id,name,email,role,department,manager_id,certification_id,exam_date,weeks_until_exam,hours_studied,total_required_hours,weekly_available_hours,completion_pct,practice_score,assessment_score,pass_probability,risk_level,confidence_score,meeting_hours_weekly,focus_hours_weekly,preferred_learning_slot,current_skill_level,enrolled_date,last_activity,engagement_score,streak_days,modules_completed,total_modules) VALUES ('L-1018','Virginia Thompson','davidpatterson@example.org','Security Analyst','Platform Engineering','M-002','AZ-900','2026-07-07',4,29,40,5,72.5,57,67,49.8,'moderate_risk',57,18,21,'Morning','Intermediate','2026-02-17','2026-06-06',79,15,7,11) ON CONFLICT DO NOTHING;
INSERT INTO skill_gaps (learner_id, skill_area, gap_score) VALUES ('L-1018', 'Azure Architecture', 28);
INSERT INTO skill_gaps (learner_id, skill_area, gap_score) VALUES ('L-1018', 'Security & Compliance', 13);
INSERT INTO skill_gaps (learner_id, skill_area, gap_score) VALUES ('L-1018', 'DevOps & CI/CD', 15);
INSERT INTO skill_gaps (learner_id, skill_area, gap_score) VALUES ('L-1018', 'Networking', 41);
INSERT INTO skill_gaps (learner_id, skill_area, gap_score) VALUES ('L-1018', 'IAM & Access', 70);
INSERT INTO skill_gaps (learner_id, skill_area, gap_score) VALUES ('L-1018', 'Storage & Databases', 88);
INSERT INTO skill_gaps (learner_id, skill_area, gap_score) VALUES ('L-1018', 'AI / ML Services', 19);
INSERT INTO skill_gaps (learner_id, skill_area, gap_score) VALUES ('L-1018', 'Kubernetes & Containers', 68);
INSERT INTO learners (learner_id,name,email,role,department,manager_id,certification_id,exam_date,weeks_until_exam,hours_studied,total_required_hours,weekly_available_hours,completion_pct,practice_score,assessment_score,pass_probability,risk_level,confidence_score,meeting_hours_weekly,focus_hours_weekly,preferred_learning_slot,current_skill_level,enrolled_date,last_activity,engagement_score,streak_days,modules_completed,total_modules) VALUES ('L-1019','Patrick Underwood','hartkevin@example.org','DevOps Lead','Cloud Infrastructure','M-001','GCP-ACE','2026-06-23',2,36,70,5,51.4,74,81,70.6,'exam_ready',74,24,9,'Evening','Intermediate','2026-03-03','2026-06-02',94,13,9,15) ON CONFLICT DO NOTHING;
INSERT INTO skill_gaps (learner_id, skill_area, gap_score) VALUES ('L-1019', 'Azure Architecture', 41);
INSERT INTO skill_gaps (learner_id, skill_area, gap_score) VALUES ('L-1019', 'Security & Compliance', 25);
INSERT INTO skill_gaps (learner_id, skill_area, gap_score) VALUES ('L-1019', 'DevOps & CI/CD', 68);
INSERT INTO skill_gaps (learner_id, skill_area, gap_score) VALUES ('L-1019', 'Networking', 27);
INSERT INTO skill_gaps (learner_id, skill_area, gap_score) VALUES ('L-1019', 'IAM & Access', 69);
INSERT INTO skill_gaps (learner_id, skill_area, gap_score) VALUES ('L-1019', 'Storage & Databases', 77);
INSERT INTO skill_gaps (learner_id, skill_area, gap_score) VALUES ('L-1019', 'AI / ML Services', 81);
INSERT INTO skill_gaps (learner_id, skill_area, gap_score) VALUES ('L-1019', 'Kubernetes & Containers', 86);
INSERT INTO learners (learner_id,name,email,role,department,manager_id,certification_id,exam_date,weeks_until_exam,hours_studied,total_required_hours,weekly_available_hours,completion_pct,practice_score,assessment_score,pass_probability,risk_level,confidence_score,meeting_hours_weekly,focus_hours_weekly,preferred_learning_slot,current_skill_level,enrolled_date,last_activity,engagement_score,streak_days,modules_completed,total_modules) VALUES ('L-1020','Sara Mendoza','mauricepayne@example.net','DevOps Lead','Data & AI','M-004','GCP-ACE','2026-08-11',9,38,70,12,54.3,82,70,70.0,'exam_ready',82,16,16,'Morning','Beginner','2026-05-05','2026-06-03',49,22,4,9) ON CONFLICT DO NOTHING;
INSERT INTO skill_gaps (learner_id, skill_area, gap_score) VALUES ('L-1020', 'Azure Architecture', 46);
INSERT INTO skill_gaps (learner_id, skill_area, gap_score) VALUES ('L-1020', 'Security & Compliance', 40);
INSERT INTO skill_gaps (learner_id, skill_area, gap_score) VALUES ('L-1020', 'DevOps & CI/CD', 44);
INSERT INTO skill_gaps (learner_id, skill_area, gap_score) VALUES ('L-1020', 'Networking', 52);
INSERT INTO skill_gaps (learner_id, skill_area, gap_score) VALUES ('L-1020', 'IAM & Access', 50);
INSERT INTO skill_gaps (learner_id, skill_area, gap_score) VALUES ('L-1020', 'Storage & Databases', 79);
INSERT INTO skill_gaps (learner_id, skill_area, gap_score) VALUES ('L-1020', 'AI / ML Services', 20);
INSERT INTO skill_gaps (learner_id, skill_area, gap_score) VALUES ('L-1020', 'Kubernetes & Containers', 27);
INSERT INTO learners (learner_id,name,email,role,department,manager_id,certification_id,exam_date,weeks_until_exam,hours_studied,total_required_hours,weekly_available_hours,completion_pct,practice_score,assessment_score,pass_probability,risk_level,confidence_score,meeting_hours_weekly,focus_hours_weekly,preferred_learning_slot,current_skill_level,enrolled_date,last_activity,engagement_score,streak_days,modules_completed,total_modules) VALUES ('L-1021','Joseph Lewis','jeremy40@example.net','ML Engineer','Cloud Infrastructure','M-001','GCP-ACE','2026-07-28',7,44,70,15,62.9,86,87,77.7,'exam_ready',86,21,13,'Evening','Advanced','2026-03-10','2026-06-06',92,7,5,14) ON CONFLICT DO NOTHING;
INSERT INTO skill_gaps (learner_id, skill_area, gap_score) VALUES ('L-1021', 'Azure Architecture', 58);
INSERT INTO skill_gaps (learner_id, skill_area, gap_score) VALUES ('L-1021', 'Security & Compliance', 71);
INSERT INTO skill_gaps (learner_id, skill_area, gap_score) VALUES ('L-1021', 'DevOps & CI/CD', 10);
INSERT INTO skill_gaps (learner_id, skill_area, gap_score) VALUES ('L-1021', 'Networking', 55);
INSERT INTO skill_gaps (learner_id, skill_area, gap_score) VALUES ('L-1021', 'IAM & Access', 48);
INSERT INTO skill_gaps (learner_id, skill_area, gap_score) VALUES ('L-1021', 'Storage & Databases', 59);
INSERT INTO skill_gaps (learner_id, skill_area, gap_score) VALUES ('L-1021', 'AI / ML Services', 63);
INSERT INTO skill_gaps (learner_id, skill_area, gap_score) VALUES ('L-1021', 'Kubernetes & Containers', 78);
INSERT INTO learners (learner_id,name,email,role,department,manager_id,certification_id,exam_date,weeks_until_exam,hours_studied,total_required_hours,weekly_available_hours,completion_pct,practice_score,assessment_score,pass_probability,risk_level,confidence_score,meeting_hours_weekly,focus_hours_weekly,preferred_learning_slot,current_skill_level,enrolled_date,last_activity,engagement_score,streak_days,modules_completed,total_modules) VALUES ('L-1022','Kimberly Harvey','darrellcollier@example.org','Network Engineer','Cloud Infrastructure','M-001','AZ-900','2026-08-04',8,30,40,10,75.0,67,58,61.5,'moderate_risk',67,12,20,'Evening','Intermediate','2026-04-21','2026-06-06',88,10,6,14) ON CONFLICT DO NOTHING;
INSERT INTO skill_gaps (learner_id, skill_area, gap_score) VALUES ('L-1022', 'Azure Architecture', 13);
INSERT INTO skill_gaps (learner_id, skill_area, gap_score) VALUES ('L-1022', 'Security & Compliance', 20);
INSERT INTO skill_gaps (learner_id, skill_area, gap_score) VALUES ('L-1022', 'DevOps & CI/CD', 64);
INSERT INTO skill_gaps (learner_id, skill_area, gap_score) VALUES ('L-1022', 'Networking', 27);
INSERT INTO skill_gaps (learner_id, skill_area, gap_score) VALUES ('L-1022', 'IAM & Access', 69);
INSERT INTO skill_gaps (learner_id, skill_area, gap_score) VALUES ('L-1022', 'Storage & Databases', 33);
INSERT INTO skill_gaps (learner_id, skill_area, gap_score) VALUES ('L-1022', 'AI / ML Services', 16);
INSERT INTO skill_gaps (learner_id, skill_area, gap_score) VALUES ('L-1022', 'Kubernetes & Containers', 43);
INSERT INTO learners (learner_id,name,email,role,department,manager_id,certification_id,exam_date,weeks_until_exam,hours_studied,total_required_hours,weekly_available_hours,completion_pct,practice_score,assessment_score,pass_probability,risk_level,confidence_score,meeting_hours_weekly,focus_hours_weekly,preferred_learning_slot,current_skill_level,enrolled_date,last_activity,engagement_score,streak_days,modules_completed,total_modules) VALUES ('L-1023','Jeffery Ward','patrick05@example.com','Platform Engineer','Cloud Infrastructure','M-001','AWS-SAA','2026-07-21',6,25,90,5,27.8,56,69,49.0,'moderate_risk',56,19,18,'Evening','Beginner','2026-04-07','2026-06-08',57,14,12,12) ON CONFLICT DO NOTHING;
INSERT INTO skill_gaps (learner_id, skill_area, gap_score) VALUES ('L-1023', 'Azure Architecture', 15);
INSERT INTO skill_gaps (learner_id, skill_area, gap_score) VALUES ('L-1023', 'Security & Compliance', 13);
INSERT INTO skill_gaps (learner_id, skill_area, gap_score) VALUES ('L-1023', 'DevOps & CI/CD', 41);
INSERT INTO skill_gaps (learner_id, skill_area, gap_score) VALUES ('L-1023', 'Networking', 35);
INSERT INTO skill_gaps (learner_id, skill_area, gap_score) VALUES ('L-1023', 'IAM & Access', 12);
INSERT INTO skill_gaps (learner_id, skill_area, gap_score) VALUES ('L-1023', 'Storage & Databases', 89);
INSERT INTO skill_gaps (learner_id, skill_area, gap_score) VALUES ('L-1023', 'AI / ML Services', 29);
INSERT INTO skill_gaps (learner_id, skill_area, gap_score) VALUES ('L-1023', 'Kubernetes & Containers', 40);
INSERT INTO learners (learner_id,name,email,role,department,manager_id,certification_id,exam_date,weeks_until_exam,hours_studied,total_required_hours,weekly_available_hours,completion_pct,practice_score,assessment_score,pass_probability,risk_level,confidence_score,meeting_hours_weekly,focus_hours_weekly,preferred_learning_slot,current_skill_level,enrolled_date,last_activity,engagement_score,streak_days,modules_completed,total_modules) VALUES ('L-1024','Michael Riley','perryjulie@example.net','Data Engineer','Security & Compliance','M-003','DP-900','2026-08-25',11,29,30,5,96.7,76,54,58.3,'exam_ready',76,11,29,'Afternoon','Advanced','2026-03-24','2026-06-08',35,11,9,14) ON CONFLICT DO NOTHING;
INSERT INTO skill_gaps (learner_id, skill_area, gap_score) VALUES ('L-1024', 'Azure Architecture', 60);
INSERT INTO skill_gaps (learner_id, skill_area, gap_score) VALUES ('L-1024', 'Security & Compliance', 35);
INSERT INTO skill_gaps (learner_id, skill_area, gap_score) VALUES ('L-1024', 'DevOps & CI/CD', 19);
INSERT INTO skill_gaps (learner_id, skill_area, gap_score) VALUES ('L-1024', 'Networking', 85);
INSERT INTO skill_gaps (learner_id, skill_area, gap_score) VALUES ('L-1024', 'IAM & Access', 90);
INSERT INTO skill_gaps (learner_id, skill_area, gap_score) VALUES ('L-1024', 'Storage & Databases', 41);
INSERT INTO skill_gaps (learner_id, skill_area, gap_score) VALUES ('L-1024', 'AI / ML Services', 23);
INSERT INTO skill_gaps (learner_id, skill_area, gap_score) VALUES ('L-1024', 'Kubernetes & Containers', 48);
INSERT INTO learners (learner_id,name,email,role,department,manager_id,certification_id,exam_date,weeks_until_exam,hours_studied,total_required_hours,weekly_available_hours,completion_pct,practice_score,assessment_score,pass_probability,risk_level,confidence_score,meeting_hours_weekly,focus_hours_weekly,preferred_learning_slot,current_skill_level,enrolled_date,last_activity,engagement_score,streak_days,modules_completed,total_modules) VALUES ('L-1025','James Olson','barrettcharles@example.net','Data Engineer','Security & Compliance','M-003','DP-900','2026-08-18',10,5,30,10,16.7,24,39,14.2,'high_risk',24,11,23,'Evening','Intermediate','2026-04-07','2026-06-03',64,10,4,9) ON CONFLICT DO NOTHING;
INSERT INTO skill_gaps (learner_id, skill_area, gap_score) VALUES ('L-1025', 'Azure Architecture', 68);
INSERT INTO skill_gaps (learner_id, skill_area, gap_score) VALUES ('L-1025', 'Security & Compliance', 29);
INSERT INTO skill_gaps (learner_id, skill_area, gap_score) VALUES ('L-1025', 'DevOps & CI/CD', 65);
INSERT INTO skill_gaps (learner_id, skill_area, gap_score) VALUES ('L-1025', 'Networking', 32);
INSERT INTO skill_gaps (learner_id, skill_area, gap_score) VALUES ('L-1025', 'IAM & Access', 76);
INSERT INTO skill_gaps (learner_id, skill_area, gap_score) VALUES ('L-1025', 'Storage & Databases', 44);
INSERT INTO skill_gaps (learner_id, skill_area, gap_score) VALUES ('L-1025', 'AI / ML Services', 88);
INSERT INTO skill_gaps (learner_id, skill_area, gap_score) VALUES ('L-1025', 'Kubernetes & Containers', 78);
INSERT INTO learners (learner_id,name,email,role,department,manager_id,certification_id,exam_date,weeks_until_exam,hours_studied,total_required_hours,weekly_available_hours,completion_pct,practice_score,assessment_score,pass_probability,risk_level,confidence_score,meeting_hours_weekly,focus_hours_weekly,preferred_learning_slot,current_skill_level,enrolled_date,last_activity,engagement_score,streak_days,modules_completed,total_modules) VALUES ('L-1026','Tammy Avery','kscott@example.com','Platform Engineer','Security & Compliance','M-003','AWS-SAA','2026-07-14',5,72,90,12,80.0,94,96,93.7,'exam_ready',94,8,25,'Afternoon','Beginner','2026-05-05','2026-06-03',92,17,4,15) ON CONFLICT DO NOTHING;
INSERT INTO skill_gaps (learner_id, skill_area, gap_score) VALUES ('L-1026', 'Azure Architecture', 53);
INSERT INTO skill_gaps (learner_id, skill_area, gap_score) VALUES ('L-1026', 'Security & Compliance', 45);
INSERT INTO skill_gaps (learner_id, skill_area, gap_score) VALUES ('L-1026', 'DevOps & CI/CD', 86);
INSERT INTO skill_gaps (learner_id, skill_area, gap_score) VALUES ('L-1026', 'Networking', 45);
INSERT INTO skill_gaps (learner_id, skill_area, gap_score) VALUES ('L-1026', 'IAM & Access', 81);
INSERT INTO skill_gaps (learner_id, skill_area, gap_score) VALUES ('L-1026', 'Storage & Databases', 11);
INSERT INTO skill_gaps (learner_id, skill_area, gap_score) VALUES ('L-1026', 'AI / ML Services', 76);
INSERT INTO skill_gaps (learner_id, skill_area, gap_score) VALUES ('L-1026', 'Kubernetes & Containers', 34);
INSERT INTO learners (learner_id,name,email,role,department,manager_id,certification_id,exam_date,weeks_until_exam,hours_studied,total_required_hours,weekly_available_hours,completion_pct,practice_score,assessment_score,pass_probability,risk_level,confidence_score,meeting_hours_weekly,focus_hours_weekly,preferred_learning_slot,current_skill_level,enrolled_date,last_activity,engagement_score,streak_days,modules_completed,total_modules) VALUES ('L-1027','Donna Lopez DVM','ebowman@example.org','Network Engineer','Data & AI','M-004','SC-900','2026-06-23',2,32,35,5,91.4,77,74,70.4,'exam_ready',77,17,18,'Evening','Intermediate','2026-04-28','2026-06-06',45,23,4,13) ON CONFLICT DO NOTHING;
INSERT INTO skill_gaps (learner_id, skill_area, gap_score) VALUES ('L-1027', 'Azure Architecture', 77);
INSERT INTO skill_gaps (learner_id, skill_area, gap_score) VALUES ('L-1027', 'Security & Compliance', 54);
INSERT INTO skill_gaps (learner_id, skill_area, gap_score) VALUES ('L-1027', 'DevOps & CI/CD', 64);
INSERT INTO skill_gaps (learner_id, skill_area, gap_score) VALUES ('L-1027', 'Networking', 80);
INSERT INTO skill_gaps (learner_id, skill_area, gap_score) VALUES ('L-1027', 'IAM & Access', 52);
INSERT INTO skill_gaps (learner_id, skill_area, gap_score) VALUES ('L-1027', 'Storage & Databases', 55);
INSERT INTO skill_gaps (learner_id, skill_area, gap_score) VALUES ('L-1027', 'AI / ML Services', 68);
INSERT INTO skill_gaps (learner_id, skill_area, gap_score) VALUES ('L-1027', 'Kubernetes & Containers', 44);
INSERT INTO learners (learner_id,name,email,role,department,manager_id,certification_id,exam_date,weeks_until_exam,hours_studied,total_required_hours,weekly_available_hours,completion_pct,practice_score,assessment_score,pass_probability,risk_level,confidence_score,meeting_hours_weekly,focus_hours_weekly,preferred_learning_slot,current_skill_level,enrolled_date,last_activity,engagement_score,streak_days,modules_completed,total_modules) VALUES ('L-1028','Julia Nelson','wayneprice@example.net','Solution Architect','Security & Compliance','M-003','GCP-ACE','2026-08-18',10,17,70,5,24.3,52,57,48.4,'moderate_risk',52,26,6,'Afternoon','Beginner','2026-05-26','2026-06-05',46,20,8,9) ON CONFLICT DO NOTHING;
INSERT INTO skill_gaps (learner_id, skill_area, gap_score) VALUES ('L-1028', 'Azure Architecture', 39);
INSERT INTO skill_gaps (learner_id, skill_area, gap_score) VALUES ('L-1028', 'Security & Compliance', 56);
INSERT INTO skill_gaps (learner_id, skill_area, gap_score) VALUES ('L-1028', 'DevOps & CI/CD', 32);
INSERT INTO skill_gaps (learner_id, skill_area, gap_score) VALUES ('L-1028', 'Networking', 48);
INSERT INTO skill_gaps (learner_id, skill_area, gap_score) VALUES ('L-1028', 'IAM & Access', 11);
INSERT INTO skill_gaps (learner_id, skill_area, gap_score) VALUES ('L-1028', 'Storage & Databases', 78);
INSERT INTO skill_gaps (learner_id, skill_area, gap_score) VALUES ('L-1028', 'AI / ML Services', 26);
INSERT INTO skill_gaps (learner_id, skill_area, gap_score) VALUES ('L-1028', 'Kubernetes & Containers', 45);
INSERT INTO learners (learner_id,name,email,role,department,manager_id,certification_id,exam_date,weeks_until_exam,hours_studied,total_required_hours,weekly_available_hours,completion_pct,practice_score,assessment_score,pass_probability,risk_level,confidence_score,meeting_hours_weekly,focus_hours_weekly,preferred_learning_slot,current_skill_level,enrolled_date,last_activity,engagement_score,streak_days,modules_completed,total_modules) VALUES ('L-1029','Ryan Baldwin','juan67@example.org','Cloud Engineer','Data & AI','M-004','AZ-305','2026-07-21',6,85,120,12,70.8,98,96,99,'exam_ready',98,9,27,'Morning','Beginner','2026-03-03','2026-06-05',40,7,2,16) ON CONFLICT DO NOTHING;
INSERT INTO skill_gaps (learner_id, skill_area, gap_score) VALUES ('L-1029', 'Azure Architecture', 18);
INSERT INTO skill_gaps (learner_id, skill_area, gap_score) VALUES ('L-1029', 'Security & Compliance', 61);
INSERT INTO skill_gaps (learner_id, skill_area, gap_score) VALUES ('L-1029', 'DevOps & CI/CD', 72);
INSERT INTO skill_gaps (learner_id, skill_area, gap_score) VALUES ('L-1029', 'Networking', 19);
INSERT INTO skill_gaps (learner_id, skill_area, gap_score) VALUES ('L-1029', 'IAM & Access', 83);
INSERT INTO skill_gaps (learner_id, skill_area, gap_score) VALUES ('L-1029', 'Storage & Databases', 90);
INSERT INTO skill_gaps (learner_id, skill_area, gap_score) VALUES ('L-1029', 'AI / ML Services', 16);
INSERT INTO skill_gaps (learner_id, skill_area, gap_score) VALUES ('L-1029', 'Kubernetes & Containers', 29);
INSERT INTO learners (learner_id,name,email,role,department,manager_id,certification_id,exam_date,weeks_until_exam,hours_studied,total_required_hours,weekly_available_hours,completion_pct,practice_score,assessment_score,pass_probability,risk_level,confidence_score,meeting_hours_weekly,focus_hours_weekly,preferred_learning_slot,current_skill_level,enrolled_date,last_activity,engagement_score,streak_days,modules_completed,total_modules) VALUES ('L-1030','Katherine Thornton','jimmy62@example.net','ML Engineer','Data & AI','M-004','AWS-DVA','2026-08-25',11,54,75,7,72.0,91,99,82.5,'exam_ready',91,22,14,'Evening','Beginner','2026-03-31','2026-06-08',50,0,7,15) ON CONFLICT DO NOTHING;
INSERT INTO skill_gaps (learner_id, skill_area, gap_score) VALUES ('L-1030', 'Azure Architecture', 22);
INSERT INTO skill_gaps (learner_id, skill_area, gap_score) VALUES ('L-1030', 'Security & Compliance', 36);
INSERT INTO skill_gaps (learner_id, skill_area, gap_score) VALUES ('L-1030', 'DevOps & CI/CD', 90);
INSERT INTO skill_gaps (learner_id, skill_area, gap_score) VALUES ('L-1030', 'Networking', 37);
INSERT INTO skill_gaps (learner_id, skill_area, gap_score) VALUES ('L-1030', 'IAM & Access', 43);
INSERT INTO skill_gaps (learner_id, skill_area, gap_score) VALUES ('L-1030', 'Storage & Databases', 20);
INSERT INTO skill_gaps (learner_id, skill_area, gap_score) VALUES ('L-1030', 'AI / ML Services', 30);
INSERT INTO skill_gaps (learner_id, skill_area, gap_score) VALUES ('L-1030', 'Kubernetes & Containers', 40);
INSERT INTO learners (learner_id,name,email,role,department,manager_id,certification_id,exam_date,weeks_until_exam,hours_studied,total_required_hours,weekly_available_hours,completion_pct,practice_score,assessment_score,pass_probability,risk_level,confidence_score,meeting_hours_weekly,focus_hours_weekly,preferred_learning_slot,current_skill_level,enrolled_date,last_activity,engagement_score,streak_days,modules_completed,total_modules) VALUES ('L-1031','John Mitchell','kenneth34@example.org','Network Engineer','Platform Engineering','M-002','SC-900','2026-06-23',2,39,35,7,111.4,93,81,75.2,'exam_ready',93,22,17,'Afternoon','Intermediate','2026-02-24','2026-06-07',39,1,3,12) ON CONFLICT DO NOTHING;
INSERT INTO skill_gaps (learner_id, skill_area, gap_score) VALUES ('L-1031', 'Azure Architecture', 90);
INSERT INTO skill_gaps (learner_id, skill_area, gap_score) VALUES ('L-1031', 'Security & Compliance', 85);
INSERT INTO skill_gaps (learner_id, skill_area, gap_score) VALUES ('L-1031', 'DevOps & CI/CD', 35);
INSERT INTO skill_gaps (learner_id, skill_area, gap_score) VALUES ('L-1031', 'Networking', 64);
INSERT INTO skill_gaps (learner_id, skill_area, gap_score) VALUES ('L-1031', 'IAM & Access', 24);
INSERT INTO skill_gaps (learner_id, skill_area, gap_score) VALUES ('L-1031', 'Storage & Databases', 79);
INSERT INTO skill_gaps (learner_id, skill_area, gap_score) VALUES ('L-1031', 'AI / ML Services', 38);
INSERT INTO skill_gaps (learner_id, skill_area, gap_score) VALUES ('L-1031', 'Kubernetes & Containers', 29);
INSERT INTO learners (learner_id,name,email,role,department,manager_id,certification_id,exam_date,weeks_until_exam,hours_studied,total_required_hours,weekly_available_hours,completion_pct,practice_score,assessment_score,pass_probability,risk_level,confidence_score,meeting_hours_weekly,focus_hours_weekly,preferred_learning_slot,current_skill_level,enrolled_date,last_activity,engagement_score,streak_days,modules_completed,total_modules) VALUES ('L-1032','Kevin Rivera','prestonsandra@example.net','Platform Engineer','Data & AI','M-004','AWS-SAA','2026-06-30',3,82,90,12,91.1,97,100,94.2,'exam_ready',97,16,16,'Afternoon','Beginner','2026-03-03','2026-06-05',35,24,3,15) ON CONFLICT DO NOTHING;
INSERT INTO skill_gaps (learner_id, skill_area, gap_score) VALUES ('L-1032', 'Azure Architecture', 51);
INSERT INTO skill_gaps (learner_id, skill_area, gap_score) VALUES ('L-1032', 'Security & Compliance', 87);
INSERT INTO skill_gaps (learner_id, skill_area, gap_score) VALUES ('L-1032', 'DevOps & CI/CD', 42);
INSERT INTO skill_gaps (learner_id, skill_area, gap_score) VALUES ('L-1032', 'Networking', 13);
INSERT INTO skill_gaps (learner_id, skill_area, gap_score) VALUES ('L-1032', 'IAM & Access', 21);
INSERT INTO skill_gaps (learner_id, skill_area, gap_score) VALUES ('L-1032', 'Storage & Databases', 39);
INSERT INTO skill_gaps (learner_id, skill_area, gap_score) VALUES ('L-1032', 'AI / ML Services', 83);
INSERT INTO skill_gaps (learner_id, skill_area, gap_score) VALUES ('L-1032', 'Kubernetes & Containers', 85);
INSERT INTO learners (learner_id,name,email,role,department,manager_id,certification_id,exam_date,weeks_until_exam,hours_studied,total_required_hours,weekly_available_hours,completion_pct,practice_score,assessment_score,pass_probability,risk_level,confidence_score,meeting_hours_weekly,focus_hours_weekly,preferred_learning_slot,current_skill_level,enrolled_date,last_activity,engagement_score,streak_days,modules_completed,total_modules) VALUES ('L-1033','Jacob Gutierrez','john30@example.org','Network Engineer','Data & AI','M-004','SC-900','2026-07-07',4,40,35,10,114.3,88,91,69.3,'exam_ready',88,23,12,'Afternoon','Advanced','2026-05-26','2026-06-02',41,10,5,13) ON CONFLICT DO NOTHING;
INSERT INTO skill_gaps (learner_id, skill_area, gap_score) VALUES ('L-1033', 'Azure Architecture', 51);
INSERT INTO skill_gaps (learner_id, skill_area, gap_score) VALUES ('L-1033', 'Security & Compliance', 23);
INSERT INTO skill_gaps (learner_id, skill_area, gap_score) VALUES ('L-1033', 'DevOps & CI/CD', 30);
INSERT INTO skill_gaps (learner_id, skill_area, gap_score) VALUES ('L-1033', 'Networking', 52);
INSERT INTO skill_gaps (learner_id, skill_area, gap_score) VALUES ('L-1033', 'IAM & Access', 62);
INSERT INTO skill_gaps (learner_id, skill_area, gap_score) VALUES ('L-1033', 'Storage & Databases', 73);
INSERT INTO skill_gaps (learner_id, skill_area, gap_score) VALUES ('L-1033', 'AI / ML Services', 46);
INSERT INTO skill_gaps (learner_id, skill_area, gap_score) VALUES ('L-1033', 'Kubernetes & Containers', 61);
INSERT INTO learners (learner_id,name,email,role,department,manager_id,certification_id,exam_date,weeks_until_exam,hours_studied,total_required_hours,weekly_available_hours,completion_pct,practice_score,assessment_score,pass_probability,risk_level,confidence_score,meeting_hours_weekly,focus_hours_weekly,preferred_learning_slot,current_skill_level,enrolled_date,last_activity,engagement_score,streak_days,modules_completed,total_modules) VALUES ('L-1034','Nichole Lewis','brucewhite@example.org','Solution Architect','Data & AI','M-004','AWS-SAA','2026-08-18',10,22,90,3,24.4,55,58,43.2,'moderate_risk',55,24,11,'Morning','Advanced','2026-03-24','2026-06-06',50,9,9,8) ON CONFLICT DO NOTHING;
INSERT INTO skill_gaps (learner_id, skill_area, gap_score) VALUES ('L-1034', 'Azure Architecture', 44);
INSERT INTO skill_gaps (learner_id, skill_area, gap_score) VALUES ('L-1034', 'Security & Compliance', 80);
INSERT INTO skill_gaps (learner_id, skill_area, gap_score) VALUES ('L-1034', 'DevOps & CI/CD', 26);
INSERT INTO skill_gaps (learner_id, skill_area, gap_score) VALUES ('L-1034', 'Networking', 46);
INSERT INTO skill_gaps (learner_id, skill_area, gap_score) VALUES ('L-1034', 'IAM & Access', 66);
INSERT INTO skill_gaps (learner_id, skill_area, gap_score) VALUES ('L-1034', 'Storage & Databases', 72);
INSERT INTO skill_gaps (learner_id, skill_area, gap_score) VALUES ('L-1034', 'AI / ML Services', 25);
INSERT INTO skill_gaps (learner_id, skill_area, gap_score) VALUES ('L-1034', 'Kubernetes & Containers', 13);
INSERT INTO learners (learner_id,name,email,role,department,manager_id,certification_id,exam_date,weeks_until_exam,hours_studied,total_required_hours,weekly_available_hours,completion_pct,practice_score,assessment_score,pass_probability,risk_level,confidence_score,meeting_hours_weekly,focus_hours_weekly,preferred_learning_slot,current_skill_level,enrolled_date,last_activity,engagement_score,streak_days,modules_completed,total_modules) VALUES ('L-1035','Kari Rice','stephencuevas@example.org','ML Engineer','Security & Compliance','M-003','DP-900','2026-07-14',5,29,30,5,96.7,59,76,50.8,'moderate_risk',59,12,21,'Evening','Intermediate','2026-05-05','2026-06-07',38,8,7,13) ON CONFLICT DO NOTHING;
INSERT INTO skill_gaps (learner_id, skill_area, gap_score) VALUES ('L-1035', 'Azure Architecture', 44);
INSERT INTO skill_gaps (learner_id, skill_area, gap_score) VALUES ('L-1035', 'Security & Compliance', 63);
INSERT INTO skill_gaps (learner_id, skill_area, gap_score) VALUES ('L-1035', 'DevOps & CI/CD', 71);
INSERT INTO skill_gaps (learner_id, skill_area, gap_score) VALUES ('L-1035', 'Networking', 70);
INSERT INTO skill_gaps (learner_id, skill_area, gap_score) VALUES ('L-1035', 'IAM & Access', 41);
INSERT INTO skill_gaps (learner_id, skill_area, gap_score) VALUES ('L-1035', 'Storage & Databases', 68);
INSERT INTO skill_gaps (learner_id, skill_area, gap_score) VALUES ('L-1035', 'AI / ML Services', 80);
INSERT INTO skill_gaps (learner_id, skill_area, gap_score) VALUES ('L-1035', 'Kubernetes & Containers', 28);
INSERT INTO learners (learner_id,name,email,role,department,manager_id,certification_id,exam_date,weeks_until_exam,hours_studied,total_required_hours,weekly_available_hours,completion_pct,practice_score,assessment_score,pass_probability,risk_level,confidence_score,meeting_hours_weekly,focus_hours_weekly,preferred_learning_slot,current_skill_level,enrolled_date,last_activity,engagement_score,streak_days,modules_completed,total_modules) VALUES ('L-1036','Amy Vasquez','othomas@example.com','Platform Engineer','Data & AI','M-004','AZ-305','2026-07-21',6,51,120,7,42.5,90,95,80.0,'exam_ready',90,12,21,'Evening','Intermediate','2026-05-26','2026-06-04',90,22,7,14) ON CONFLICT DO NOTHING;
INSERT INTO skill_gaps (learner_id, skill_area, gap_score) VALUES ('L-1036', 'Azure Architecture', 58);
INSERT INTO skill_gaps (learner_id, skill_area, gap_score) VALUES ('L-1036', 'Security & Compliance', 68);
INSERT INTO skill_gaps (learner_id, skill_area, gap_score) VALUES ('L-1036', 'DevOps & CI/CD', 51);
INSERT INTO skill_gaps (learner_id, skill_area, gap_score) VALUES ('L-1036', 'Networking', 34);
INSERT INTO skill_gaps (learner_id, skill_area, gap_score) VALUES ('L-1036', 'IAM & Access', 40);
INSERT INTO skill_gaps (learner_id, skill_area, gap_score) VALUES ('L-1036', 'Storage & Databases', 83);
INSERT INTO skill_gaps (learner_id, skill_area, gap_score) VALUES ('L-1036', 'AI / ML Services', 59);
INSERT INTO skill_gaps (learner_id, skill_area, gap_score) VALUES ('L-1036', 'Kubernetes & Containers', 39);
INSERT INTO learners (learner_id,name,email,role,department,manager_id,certification_id,exam_date,weeks_until_exam,hours_studied,total_required_hours,weekly_available_hours,completion_pct,practice_score,assessment_score,pass_probability,risk_level,confidence_score,meeting_hours_weekly,focus_hours_weekly,preferred_learning_slot,current_skill_level,enrolled_date,last_activity,engagement_score,streak_days,modules_completed,total_modules) VALUES ('L-1037','Vickie Sharp','michaelking@example.com','DevOps Lead','Cloud Infrastructure','M-001','AWS-DVA','2026-06-23',2,38,75,5,50.7,89,87,76.0,'exam_ready',89,11,22,'Evening','Intermediate','2026-03-24','2026-06-03',40,27,6,16) ON CONFLICT DO NOTHING;
INSERT INTO skill_gaps (learner_id, skill_area, gap_score) VALUES ('L-1037', 'Azure Architecture', 68);
INSERT INTO skill_gaps (learner_id, skill_area, gap_score) VALUES ('L-1037', 'Security & Compliance', 11);
INSERT INTO skill_gaps (learner_id, skill_area, gap_score) VALUES ('L-1037', 'DevOps & CI/CD', 28);
INSERT INTO skill_gaps (learner_id, skill_area, gap_score) VALUES ('L-1037', 'Networking', 62);
INSERT INTO skill_gaps (learner_id, skill_area, gap_score) VALUES ('L-1037', 'IAM & Access', 29);
INSERT INTO skill_gaps (learner_id, skill_area, gap_score) VALUES ('L-1037', 'Storage & Databases', 19);
INSERT INTO skill_gaps (learner_id, skill_area, gap_score) VALUES ('L-1037', 'AI / ML Services', 70);
INSERT INTO skill_gaps (learner_id, skill_area, gap_score) VALUES ('L-1037', 'Kubernetes & Containers', 43);
INSERT INTO learners (learner_id,name,email,role,department,manager_id,certification_id,exam_date,weeks_until_exam,hours_studied,total_required_hours,weekly_available_hours,completion_pct,practice_score,assessment_score,pass_probability,risk_level,confidence_score,meeting_hours_weekly,focus_hours_weekly,preferred_learning_slot,current_skill_level,enrolled_date,last_activity,engagement_score,streak_days,modules_completed,total_modules) VALUES ('L-1038','Corey Morris','butlerkatrina@example.net','ML Engineer','Cloud Infrastructure','M-001','GCP-ACE','2026-09-01',12,9,70,12,12.9,34,35,25.9,'high_risk',34,17,20,'Evening','Intermediate','2026-04-21','2026-06-04',85,4,4,16) ON CONFLICT DO NOTHING;
INSERT INTO skill_gaps (learner_id, skill_area, gap_score) VALUES ('L-1038', 'Azure Architecture', 22);
INSERT INTO skill_gaps (learner_id, skill_area, gap_score) VALUES ('L-1038', 'Security & Compliance', 66);
INSERT INTO skill_gaps (learner_id, skill_area, gap_score) VALUES ('L-1038', 'DevOps & CI/CD', 31);
INSERT INTO skill_gaps (learner_id, skill_area, gap_score) VALUES ('L-1038', 'Networking', 48);
INSERT INTO skill_gaps (learner_id, skill_area, gap_score) VALUES ('L-1038', 'IAM & Access', 13);
INSERT INTO skill_gaps (learner_id, skill_area, gap_score) VALUES ('L-1038', 'Storage & Databases', 15);
INSERT INTO skill_gaps (learner_id, skill_area, gap_score) VALUES ('L-1038', 'AI / ML Services', 51);
INSERT INTO skill_gaps (learner_id, skill_area, gap_score) VALUES ('L-1038', 'Kubernetes & Containers', 17);
INSERT INTO learners (learner_id,name,email,role,department,manager_id,certification_id,exam_date,weeks_until_exam,hours_studied,total_required_hours,weekly_available_hours,completion_pct,practice_score,assessment_score,pass_probability,risk_level,confidence_score,meeting_hours_weekly,focus_hours_weekly,preferred_learning_slot,current_skill_level,enrolled_date,last_activity,engagement_score,streak_days,modules_completed,total_modules) VALUES ('L-1039','Diana Bryant','stevenskimberly@example.com','ML Engineer','Data & AI','M-004','AWS-DVA','2026-09-01',12,15,75,5,20.0,48,51,42.9,'moderate_risk',48,20,17,'Evening','Intermediate','2026-03-17','2026-06-07',39,14,6,12) ON CONFLICT DO NOTHING;
INSERT INTO skill_gaps (learner_id, skill_area, gap_score) VALUES ('L-1039', 'Azure Architecture', 28);
INSERT INTO skill_gaps (learner_id, skill_area, gap_score) VALUES ('L-1039', 'Security & Compliance', 39);
INSERT INTO skill_gaps (learner_id, skill_area, gap_score) VALUES ('L-1039', 'DevOps & CI/CD', 69);
INSERT INTO skill_gaps (learner_id, skill_area, gap_score) VALUES ('L-1039', 'Networking', 42);
INSERT INTO skill_gaps (learner_id, skill_area, gap_score) VALUES ('L-1039', 'IAM & Access', 68);
INSERT INTO skill_gaps (learner_id, skill_area, gap_score) VALUES ('L-1039', 'Storage & Databases', 42);
INSERT INTO skill_gaps (learner_id, skill_area, gap_score) VALUES ('L-1039', 'AI / ML Services', 11);
INSERT INTO skill_gaps (learner_id, skill_area, gap_score) VALUES ('L-1039', 'Kubernetes & Containers', 69);
INSERT INTO learners (learner_id,name,email,role,department,manager_id,certification_id,exam_date,weeks_until_exam,hours_studied,total_required_hours,weekly_available_hours,completion_pct,practice_score,assessment_score,pass_probability,risk_level,confidence_score,meeting_hours_weekly,focus_hours_weekly,preferred_learning_slot,current_skill_level,enrolled_date,last_activity,engagement_score,streak_days,modules_completed,total_modules) VALUES ('L-1040','Alyssa Chen','cjones@example.org','ML Engineer','Platform Engineering','M-002','AWS-DVA','2026-07-21',6,43,75,12,57.3,91,95,77.7,'exam_ready',91,23,16,'Afternoon','Advanced','2026-04-07','2026-06-05',59,19,6,11) ON CONFLICT DO NOTHING;
INSERT INTO skill_gaps (learner_id, skill_area, gap_score) VALUES ('L-1040', 'Azure Architecture', 47);
INSERT INTO skill_gaps (learner_id, skill_area, gap_score) VALUES ('L-1040', 'Security & Compliance', 12);
INSERT INTO skill_gaps (learner_id, skill_area, gap_score) VALUES ('L-1040', 'DevOps & CI/CD', 60);
INSERT INTO skill_gaps (learner_id, skill_area, gap_score) VALUES ('L-1040', 'Networking', 45);
INSERT INTO skill_gaps (learner_id, skill_area, gap_score) VALUES ('L-1040', 'IAM & Access', 11);
INSERT INTO skill_gaps (learner_id, skill_area, gap_score) VALUES ('L-1040', 'Storage & Databases', 82);
INSERT INTO skill_gaps (learner_id, skill_area, gap_score) VALUES ('L-1040', 'AI / ML Services', 16);
INSERT INTO skill_gaps (learner_id, skill_area, gap_score) VALUES ('L-1040', 'Kubernetes & Containers', 87);
INSERT INTO learners (learner_id,name,email,role,department,manager_id,certification_id,exam_date,weeks_until_exam,hours_studied,total_required_hours,weekly_available_hours,completion_pct,practice_score,assessment_score,pass_probability,risk_level,confidence_score,meeting_hours_weekly,focus_hours_weekly,preferred_learning_slot,current_skill_level,enrolled_date,last_activity,engagement_score,streak_days,modules_completed,total_modules) VALUES ('L-1041','Mallory Coleman','steven82@example.org','Security Analyst','Cloud Infrastructure','M-001','AZ-900','2026-09-01',12,11,40,5,27.5,46,48,33.9,'moderate_risk',46,17,16,'Evening','Beginner','2026-03-03','2026-06-04',97,16,5,10) ON CONFLICT DO NOTHING;
INSERT INTO skill_gaps (learner_id, skill_area, gap_score) VALUES ('L-1041', 'Azure Architecture', 56);
INSERT INTO skill_gaps (learner_id, skill_area, gap_score) VALUES ('L-1041', 'Security & Compliance', 26);
INSERT INTO skill_gaps (learner_id, skill_area, gap_score) VALUES ('L-1041', 'DevOps & CI/CD', 21);
INSERT INTO skill_gaps (learner_id, skill_area, gap_score) VALUES ('L-1041', 'Networking', 47);
INSERT INTO skill_gaps (learner_id, skill_area, gap_score) VALUES ('L-1041', 'IAM & Access', 51);
INSERT INTO skill_gaps (learner_id, skill_area, gap_score) VALUES ('L-1041', 'Storage & Databases', 63);
INSERT INTO skill_gaps (learner_id, skill_area, gap_score) VALUES ('L-1041', 'AI / ML Services', 32);
INSERT INTO skill_gaps (learner_id, skill_area, gap_score) VALUES ('L-1041', 'Kubernetes & Containers', 35);
INSERT INTO learners (learner_id,name,email,role,department,manager_id,certification_id,exam_date,weeks_until_exam,hours_studied,total_required_hours,weekly_available_hours,completion_pct,practice_score,assessment_score,pass_probability,risk_level,confidence_score,meeting_hours_weekly,focus_hours_weekly,preferred_learning_slot,current_skill_level,enrolled_date,last_activity,engagement_score,streak_days,modules_completed,total_modules) VALUES ('L-1042','Laura Santos','amanda11@example.com','Platform Engineer','Data & AI','M-004','AWS-SAA','2026-07-21',6,71,90,10,78.9,100,100,99,'exam_ready',100,12,25,'Afternoon','Advanced','2026-03-10','2026-06-05',78,26,11,13) ON CONFLICT DO NOTHING;
INSERT INTO skill_gaps (learner_id, skill_area, gap_score) VALUES ('L-1042', 'Azure Architecture', 21);
INSERT INTO skill_gaps (learner_id, skill_area, gap_score) VALUES ('L-1042', 'Security & Compliance', 60);
INSERT INTO skill_gaps (learner_id, skill_area, gap_score) VALUES ('L-1042', 'DevOps & CI/CD', 11);
INSERT INTO skill_gaps (learner_id, skill_area, gap_score) VALUES ('L-1042', 'Networking', 43);
INSERT INTO skill_gaps (learner_id, skill_area, gap_score) VALUES ('L-1042', 'IAM & Access', 78);
INSERT INTO skill_gaps (learner_id, skill_area, gap_score) VALUES ('L-1042', 'Storage & Databases', 25);
INSERT INTO skill_gaps (learner_id, skill_area, gap_score) VALUES ('L-1042', 'AI / ML Services', 68);
INSERT INTO skill_gaps (learner_id, skill_area, gap_score) VALUES ('L-1042', 'Kubernetes & Containers', 57);
INSERT INTO learners (learner_id,name,email,role,department,manager_id,certification_id,exam_date,weeks_until_exam,hours_studied,total_required_hours,weekly_available_hours,completion_pct,practice_score,assessment_score,pass_probability,risk_level,confidence_score,meeting_hours_weekly,focus_hours_weekly,preferred_learning_slot,current_skill_level,enrolled_date,last_activity,engagement_score,streak_days,modules_completed,total_modules) VALUES ('L-1043','Daniel Mckenzie DVM','velasquezbrian@example.net','Solution Architect','Cloud Infrastructure','M-001','GCP-ACE','2026-07-14',5,37,70,12,52.9,77,69,62.9,'exam_ready',77,18,19,'Evening','Intermediate','2026-05-19','2026-06-08',60,28,9,10) ON CONFLICT DO NOTHING;
INSERT INTO skill_gaps (learner_id, skill_area, gap_score) VALUES ('L-1043', 'Azure Architecture', 69);
INSERT INTO skill_gaps (learner_id, skill_area, gap_score) VALUES ('L-1043', 'Security & Compliance', 48);
INSERT INTO skill_gaps (learner_id, skill_area, gap_score) VALUES ('L-1043', 'DevOps & CI/CD', 62);
INSERT INTO skill_gaps (learner_id, skill_area, gap_score) VALUES ('L-1043', 'Networking', 24);
INSERT INTO skill_gaps (learner_id, skill_area, gap_score) VALUES ('L-1043', 'IAM & Access', 27);
INSERT INTO skill_gaps (learner_id, skill_area, gap_score) VALUES ('L-1043', 'Storage & Databases', 15);
INSERT INTO skill_gaps (learner_id, skill_area, gap_score) VALUES ('L-1043', 'AI / ML Services', 14);
INSERT INTO skill_gaps (learner_id, skill_area, gap_score) VALUES ('L-1043', 'Kubernetes & Containers', 48);
INSERT INTO learners (learner_id,name,email,role,department,manager_id,certification_id,exam_date,weeks_until_exam,hours_studied,total_required_hours,weekly_available_hours,completion_pct,practice_score,assessment_score,pass_probability,risk_level,confidence_score,meeting_hours_weekly,focus_hours_weekly,preferred_learning_slot,current_skill_level,enrolled_date,last_activity,engagement_score,streak_days,modules_completed,total_modules) VALUES ('L-1044','Randall Haley','erin58@example.net','ML Engineer','Data & AI','M-004','GCP-ACE','2026-07-28',7,41,70,15,58.6,76,81,63.3,'exam_ready',76,21,18,'Afternoon','Advanced','2026-04-21','2026-06-04',37,12,5,11) ON CONFLICT DO NOTHING;
INSERT INTO skill_gaps (learner_id, skill_area, gap_score) VALUES ('L-1044', 'Azure Architecture', 14);
INSERT INTO skill_gaps (learner_id, skill_area, gap_score) VALUES ('L-1044', 'Security & Compliance', 57);
INSERT INTO skill_gaps (learner_id, skill_area, gap_score) VALUES ('L-1044', 'DevOps & CI/CD', 37);
INSERT INTO skill_gaps (learner_id, skill_area, gap_score) VALUES ('L-1044', 'Networking', 66);
INSERT INTO skill_gaps (learner_id, skill_area, gap_score) VALUES ('L-1044', 'IAM & Access', 66);
INSERT INTO skill_gaps (learner_id, skill_area, gap_score) VALUES ('L-1044', 'Storage & Databases', 40);
INSERT INTO skill_gaps (learner_id, skill_area, gap_score) VALUES ('L-1044', 'AI / ML Services', 56);
INSERT INTO skill_gaps (learner_id, skill_area, gap_score) VALUES ('L-1044', 'Kubernetes & Containers', 22);
INSERT INTO learners (learner_id,name,email,role,department,manager_id,certification_id,exam_date,weeks_until_exam,hours_studied,total_required_hours,weekly_available_hours,completion_pct,practice_score,assessment_score,pass_probability,risk_level,confidence_score,meeting_hours_weekly,focus_hours_weekly,preferred_learning_slot,current_skill_level,enrolled_date,last_activity,engagement_score,streak_days,modules_completed,total_modules) VALUES ('L-1045','Michael Fitzgerald','brivera@example.net','Solution Architect','Platform Engineering','M-002','AWS-SAA','2026-06-30',3,55,90,7,61.1,88,89,76.1,'exam_ready',88,9,26,'Morning','Intermediate','2026-03-03','2026-06-07',30,8,3,10) ON CONFLICT DO NOTHING;
INSERT INTO skill_gaps (learner_id, skill_area, gap_score) VALUES ('L-1045', 'Azure Architecture', 82);
INSERT INTO skill_gaps (learner_id, skill_area, gap_score) VALUES ('L-1045', 'Security & Compliance', 36);
INSERT INTO skill_gaps (learner_id, skill_area, gap_score) VALUES ('L-1045', 'DevOps & CI/CD', 18);
INSERT INTO skill_gaps (learner_id, skill_area, gap_score) VALUES ('L-1045', 'Networking', 80);
INSERT INTO skill_gaps (learner_id, skill_area, gap_score) VALUES ('L-1045', 'IAM & Access', 36);
INSERT INTO skill_gaps (learner_id, skill_area, gap_score) VALUES ('L-1045', 'Storage & Databases', 85);
INSERT INTO skill_gaps (learner_id, skill_area, gap_score) VALUES ('L-1045', 'AI / ML Services', 37);
INSERT INTO skill_gaps (learner_id, skill_area, gap_score) VALUES ('L-1045', 'Kubernetes & Containers', 39);
INSERT INTO learners (learner_id,name,email,role,department,manager_id,certification_id,exam_date,weeks_until_exam,hours_studied,total_required_hours,weekly_available_hours,completion_pct,practice_score,assessment_score,pass_probability,risk_level,confidence_score,meeting_hours_weekly,focus_hours_weekly,preferred_learning_slot,current_skill_level,enrolled_date,last_activity,engagement_score,streak_days,modules_completed,total_modules) VALUES ('L-1046','Barry Bell','david17@example.net','Platform Engineer','Cloud Infrastructure','M-001','AZ-305','2026-06-30',3,17,120,3,14.2,63,51,50.9,'moderate_risk',63,15,20,'Evening','Advanced','2026-05-19','2026-06-02',94,7,10,8) ON CONFLICT DO NOTHING;
INSERT INTO skill_gaps (learner_id, skill_area, gap_score) VALUES ('L-1046', 'Azure Architecture', 63);
INSERT INTO skill_gaps (learner_id, skill_area, gap_score) VALUES ('L-1046', 'Security & Compliance', 77);
INSERT INTO skill_gaps (learner_id, skill_area, gap_score) VALUES ('L-1046', 'DevOps & CI/CD', 24);
INSERT INTO skill_gaps (learner_id, skill_area, gap_score) VALUES ('L-1046', 'Networking', 18);
INSERT INTO skill_gaps (learner_id, skill_area, gap_score) VALUES ('L-1046', 'IAM & Access', 70);
INSERT INTO skill_gaps (learner_id, skill_area, gap_score) VALUES ('L-1046', 'Storage & Databases', 67);
INSERT INTO skill_gaps (learner_id, skill_area, gap_score) VALUES ('L-1046', 'AI / ML Services', 56);
INSERT INTO skill_gaps (learner_id, skill_area, gap_score) VALUES ('L-1046', 'Kubernetes & Containers', 75);
INSERT INTO learners (learner_id,name,email,role,department,manager_id,certification_id,exam_date,weeks_until_exam,hours_studied,total_required_hours,weekly_available_hours,completion_pct,practice_score,assessment_score,pass_probability,risk_level,confidence_score,meeting_hours_weekly,focus_hours_weekly,preferred_learning_slot,current_skill_level,enrolled_date,last_activity,engagement_score,streak_days,modules_completed,total_modules) VALUES ('L-1047','Steven Adams','sean24@example.net','Platform Engineer','Data & AI','M-004','AWS-SAA','2026-09-01',12,6,90,3,6.7,36,45,27.4,'high_risk',36,21,18,'Evening','Intermediate','2026-03-24','2026-06-04',78,19,9,12) ON CONFLICT DO NOTHING;
INSERT INTO skill_gaps (learner_id, skill_area, gap_score) VALUES ('L-1047', 'Azure Architecture', 66);
INSERT INTO skill_gaps (learner_id, skill_area, gap_score) VALUES ('L-1047', 'Security & Compliance', 19);
INSERT INTO skill_gaps (learner_id, skill_area, gap_score) VALUES ('L-1047', 'DevOps & CI/CD', 20);
INSERT INTO skill_gaps (learner_id, skill_area, gap_score) VALUES ('L-1047', 'Networking', 51);
INSERT INTO skill_gaps (learner_id, skill_area, gap_score) VALUES ('L-1047', 'IAM & Access', 87);
INSERT INTO skill_gaps (learner_id, skill_area, gap_score) VALUES ('L-1047', 'Storage & Databases', 28);
INSERT INTO skill_gaps (learner_id, skill_area, gap_score) VALUES ('L-1047', 'AI / ML Services', 18);
INSERT INTO skill_gaps (learner_id, skill_area, gap_score) VALUES ('L-1047', 'Kubernetes & Containers', 26);
INSERT INTO learners (learner_id,name,email,role,department,manager_id,certification_id,exam_date,weeks_until_exam,hours_studied,total_required_hours,weekly_available_hours,completion_pct,practice_score,assessment_score,pass_probability,risk_level,confidence_score,meeting_hours_weekly,focus_hours_weekly,preferred_learning_slot,current_skill_level,enrolled_date,last_activity,engagement_score,streak_days,modules_completed,total_modules) VALUES ('L-1048','Jennifer Haley','reneetaylor@example.net','Network Engineer','Platform Engineering','M-002','AWS-SAA','2026-08-25',11,17,90,10,18.9,51,47,36.4,'moderate_risk',51,28,4,'Afternoon','Advanced','2026-04-28','2026-06-04',49,21,8,9) ON CONFLICT DO NOTHING;
INSERT INTO skill_gaps (learner_id, skill_area, gap_score) VALUES ('L-1048', 'Azure Architecture', 53);
INSERT INTO skill_gaps (learner_id, skill_area, gap_score) VALUES ('L-1048', 'Security & Compliance', 68);
INSERT INTO skill_gaps (learner_id, skill_area, gap_score) VALUES ('L-1048', 'DevOps & CI/CD', 61);
INSERT INTO skill_gaps (learner_id, skill_area, gap_score) VALUES ('L-1048', 'Networking', 63);
INSERT INTO skill_gaps (learner_id, skill_area, gap_score) VALUES ('L-1048', 'IAM & Access', 22);
INSERT INTO skill_gaps (learner_id, skill_area, gap_score) VALUES ('L-1048', 'Storage & Databases', 50);
INSERT INTO skill_gaps (learner_id, skill_area, gap_score) VALUES ('L-1048', 'AI / ML Services', 64);
INSERT INTO skill_gaps (learner_id, skill_area, gap_score) VALUES ('L-1048', 'Kubernetes & Containers', 50);
INSERT INTO learners (learner_id,name,email,role,department,manager_id,certification_id,exam_date,weeks_until_exam,hours_studied,total_required_hours,weekly_available_hours,completion_pct,practice_score,assessment_score,pass_probability,risk_level,confidence_score,meeting_hours_weekly,focus_hours_weekly,preferred_learning_slot,current_skill_level,enrolled_date,last_activity,engagement_score,streak_days,modules_completed,total_modules) VALUES ('L-1049','Bobby Huang','ralph99@example.net','Solution Architect','Cloud Infrastructure','M-001','AZ-305','2026-06-30',3,53,120,10,44.2,100,99,87.0,'exam_ready',100,12,20,'Evening','Intermediate','2026-03-24','2026-06-05',75,3,10,16) ON CONFLICT DO NOTHING;
INSERT INTO skill_gaps (learner_id, skill_area, gap_score) VALUES ('L-1049', 'Azure Architecture', 81);
INSERT INTO skill_gaps (learner_id, skill_area, gap_score) VALUES ('L-1049', 'Security & Compliance', 81);
INSERT INTO skill_gaps (learner_id, skill_area, gap_score) VALUES ('L-1049', 'DevOps & CI/CD', 52);
INSERT INTO skill_gaps (learner_id, skill_area, gap_score) VALUES ('L-1049', 'Networking', 25);
INSERT INTO skill_gaps (learner_id, skill_area, gap_score) VALUES ('L-1049', 'IAM & Access', 62);
INSERT INTO skill_gaps (learner_id, skill_area, gap_score) VALUES ('L-1049', 'Storage & Databases', 55);
INSERT INTO skill_gaps (learner_id, skill_area, gap_score) VALUES ('L-1049', 'AI / ML Services', 64);
INSERT INTO skill_gaps (learner_id, skill_area, gap_score) VALUES ('L-1049', 'Kubernetes & Containers', 16);
INSERT INTO learners (learner_id,name,email,role,department,manager_id,certification_id,exam_date,weeks_until_exam,hours_studied,total_required_hours,weekly_available_hours,completion_pct,practice_score,assessment_score,pass_probability,risk_level,confidence_score,meeting_hours_weekly,focus_hours_weekly,preferred_learning_slot,current_skill_level,enrolled_date,last_activity,engagement_score,streak_days,modules_completed,total_modules) VALUES ('L-1050','Frank Hernandez','rileycarl@example.net','Security Analyst','Cloud Infrastructure','M-001','SC-900','2026-09-01',12,12,35,12,34.3,46,38,37.0,'moderate_risk',46,25,10,'Afternoon','Beginner','2026-04-28','2026-06-05',73,11,1,10) ON CONFLICT DO NOTHING;
INSERT INTO skill_gaps (learner_id, skill_area, gap_score) VALUES ('L-1050', 'Azure Architecture', 81);
INSERT INTO skill_gaps (learner_id, skill_area, gap_score) VALUES ('L-1050', 'Security & Compliance', 89);
INSERT INTO skill_gaps (learner_id, skill_area, gap_score) VALUES ('L-1050', 'DevOps & CI/CD', 88);
INSERT INTO skill_gaps (learner_id, skill_area, gap_score) VALUES ('L-1050', 'Networking', 81);
INSERT INTO skill_gaps (learner_id, skill_area, gap_score) VALUES ('L-1050', 'IAM & Access', 13);
INSERT INTO skill_gaps (learner_id, skill_area, gap_score) VALUES ('L-1050', 'Storage & Databases', 87);
INSERT INTO skill_gaps (learner_id, skill_area, gap_score) VALUES ('L-1050', 'AI / ML Services', 44);
INSERT INTO skill_gaps (learner_id, skill_area, gap_score) VALUES ('L-1050', 'Kubernetes & Containers', 13);
INSERT INTO learners (learner_id,name,email,role,department,manager_id,certification_id,exam_date,weeks_until_exam,hours_studied,total_required_hours,weekly_available_hours,completion_pct,practice_score,assessment_score,pass_probability,risk_level,confidence_score,meeting_hours_weekly,focus_hours_weekly,preferred_learning_slot,current_skill_level,enrolled_date,last_activity,engagement_score,streak_days,modules_completed,total_modules) VALUES ('L-1051','Denise Lee','mollyhall@example.net','DevOps Lead','Platform Engineering','M-002','GCP-ACE','2026-09-01',12,13,70,10,18.6,34,49,32.0,'high_risk',34,8,31,'Afternoon','Advanced','2026-05-19','2026-06-09',49,5,10,8) ON CONFLICT DO NOTHING;
INSERT INTO skill_gaps (learner_id, skill_area, gap_score) VALUES ('L-1051', 'Azure Architecture', 63);
INSERT INTO skill_gaps (learner_id, skill_area, gap_score) VALUES ('L-1051', 'Security & Compliance', 68);
INSERT INTO skill_gaps (learner_id, skill_area, gap_score) VALUES ('L-1051', 'DevOps & CI/CD', 53);
INSERT INTO skill_gaps (learner_id, skill_area, gap_score) VALUES ('L-1051', 'Networking', 30);
INSERT INTO skill_gaps (learner_id, skill_area, gap_score) VALUES ('L-1051', 'IAM & Access', 57);
INSERT INTO skill_gaps (learner_id, skill_area, gap_score) VALUES ('L-1051', 'Storage & Databases', 49);
INSERT INTO skill_gaps (learner_id, skill_area, gap_score) VALUES ('L-1051', 'AI / ML Services', 51);
INSERT INTO skill_gaps (learner_id, skill_area, gap_score) VALUES ('L-1051', 'Kubernetes & Containers', 82);
INSERT INTO learners (learner_id,name,email,role,department,manager_id,certification_id,exam_date,weeks_until_exam,hours_studied,total_required_hours,weekly_available_hours,completion_pct,practice_score,assessment_score,pass_probability,risk_level,confidence_score,meeting_hours_weekly,focus_hours_weekly,preferred_learning_slot,current_skill_level,enrolled_date,last_activity,engagement_score,streak_days,modules_completed,total_modules) VALUES ('L-1052','Timothy Wilson','jonesmary@example.net','Solution Architect','Cloud Infrastructure','M-001','AWS-SAA','2026-08-11',9,67,90,10,74.4,93,96,89.4,'exam_ready',93,14,18,'Evening','Beginner','2026-05-26','2026-06-06',68,30,4,10) ON CONFLICT DO NOTHING;
INSERT INTO skill_gaps (learner_id, skill_area, gap_score) VALUES ('L-1052', 'Azure Architecture', 85);
INSERT INTO skill_gaps (learner_id, skill_area, gap_score) VALUES ('L-1052', 'Security & Compliance', 72);
INSERT INTO skill_gaps (learner_id, skill_area, gap_score) VALUES ('L-1052', 'DevOps & CI/CD', 77);
INSERT INTO skill_gaps (learner_id, skill_area, gap_score) VALUES ('L-1052', 'Networking', 49);
INSERT INTO skill_gaps (learner_id, skill_area, gap_score) VALUES ('L-1052', 'IAM & Access', 15);
INSERT INTO skill_gaps (learner_id, skill_area, gap_score) VALUES ('L-1052', 'Storage & Databases', 38);
INSERT INTO skill_gaps (learner_id, skill_area, gap_score) VALUES ('L-1052', 'AI / ML Services', 60);
INSERT INTO skill_gaps (learner_id, skill_area, gap_score) VALUES ('L-1052', 'Kubernetes & Containers', 86);
INSERT INTO learners (learner_id,name,email,role,department,manager_id,certification_id,exam_date,weeks_until_exam,hours_studied,total_required_hours,weekly_available_hours,completion_pct,practice_score,assessment_score,pass_probability,risk_level,confidence_score,meeting_hours_weekly,focus_hours_weekly,preferred_learning_slot,current_skill_level,enrolled_date,last_activity,engagement_score,streak_days,modules_completed,total_modules) VALUES ('L-1053','Jeanette Ochoa','uzamora@example.net','Platform Engineer','Platform Engineering','M-002','AWS-SAA','2026-07-28',7,5,90,5,5.6,35,26,26.4,'high_risk',35,12,22,'Evening','Beginner','2026-02-24','2026-06-04',84,18,7,14) ON CONFLICT DO NOTHING;
INSERT INTO skill_gaps (learner_id, skill_area, gap_score) VALUES ('L-1053', 'Azure Architecture', 81);
INSERT INTO skill_gaps (learner_id, skill_area, gap_score) VALUES ('L-1053', 'Security & Compliance', 55);
INSERT INTO skill_gaps (learner_id, skill_area, gap_score) VALUES ('L-1053', 'DevOps & CI/CD', 19);
INSERT INTO skill_gaps (learner_id, skill_area, gap_score) VALUES ('L-1053', 'Networking', 60);
INSERT INTO skill_gaps (learner_id, skill_area, gap_score) VALUES ('L-1053', 'IAM & Access', 15);
INSERT INTO skill_gaps (learner_id, skill_area, gap_score) VALUES ('L-1053', 'Storage & Databases', 65);
INSERT INTO skill_gaps (learner_id, skill_area, gap_score) VALUES ('L-1053', 'AI / ML Services', 12);
INSERT INTO skill_gaps (learner_id, skill_area, gap_score) VALUES ('L-1053', 'Kubernetes & Containers', 68);
INSERT INTO learners (learner_id,name,email,role,department,manager_id,certification_id,exam_date,weeks_until_exam,hours_studied,total_required_hours,weekly_available_hours,completion_pct,practice_score,assessment_score,pass_probability,risk_level,confidence_score,meeting_hours_weekly,focus_hours_weekly,preferred_learning_slot,current_skill_level,enrolled_date,last_activity,engagement_score,streak_days,modules_completed,total_modules) VALUES ('L-1054','Jessica Pham','gilbertjonathan@example.org','Platform Engineer','Cloud Infrastructure','M-001','AZ-305','2026-08-04',8,15,120,3,12.5,56,60,43.5,'moderate_risk',56,22,13,'Afternoon','Intermediate','2026-03-03','2026-06-07',39,16,11,9) ON CONFLICT DO NOTHING;
INSERT INTO skill_gaps (learner_id, skill_area, gap_score) VALUES ('L-1054', 'Azure Architecture', 85);
INSERT INTO skill_gaps (learner_id, skill_area, gap_score) VALUES ('L-1054', 'Security & Compliance', 61);
INSERT INTO skill_gaps (learner_id, skill_area, gap_score) VALUES ('L-1054', 'DevOps & CI/CD', 77);
INSERT INTO skill_gaps (learner_id, skill_area, gap_score) VALUES ('L-1054', 'Networking', 20);
INSERT INTO skill_gaps (learner_id, skill_area, gap_score) VALUES ('L-1054', 'IAM & Access', 60);
INSERT INTO skill_gaps (learner_id, skill_area, gap_score) VALUES ('L-1054', 'Storage & Databases', 49);
INSERT INTO skill_gaps (learner_id, skill_area, gap_score) VALUES ('L-1054', 'AI / ML Services', 53);
INSERT INTO skill_gaps (learner_id, skill_area, gap_score) VALUES ('L-1054', 'Kubernetes & Containers', 38);
INSERT INTO learners (learner_id,name,email,role,department,manager_id,certification_id,exam_date,weeks_until_exam,hours_studied,total_required_hours,weekly_available_hours,completion_pct,practice_score,assessment_score,pass_probability,risk_level,confidence_score,meeting_hours_weekly,focus_hours_weekly,preferred_learning_slot,current_skill_level,enrolled_date,last_activity,engagement_score,streak_days,modules_completed,total_modules) VALUES ('L-1055','Cassandra Taylor','perezshelby@example.com','Security Analyst','Cloud Infrastructure','M-001','AZ-900','2026-07-28',7,20,40,5,50.0,56,58,48.1,'moderate_risk',56,13,25,'Morning','Intermediate','2026-02-24','2026-06-04',49,14,2,15) ON CONFLICT DO NOTHING;
INSERT INTO skill_gaps (learner_id, skill_area, gap_score) VALUES ('L-1055', 'Azure Architecture', 90);
INSERT INTO skill_gaps (learner_id, skill_area, gap_score) VALUES ('L-1055', 'Security & Compliance', 73);
INSERT INTO skill_gaps (learner_id, skill_area, gap_score) VALUES ('L-1055', 'DevOps & CI/CD', 69);
INSERT INTO skill_gaps (learner_id, skill_area, gap_score) VALUES ('L-1055', 'Networking', 82);
INSERT INTO skill_gaps (learner_id, skill_area, gap_score) VALUES ('L-1055', 'IAM & Access', 84);
INSERT INTO skill_gaps (learner_id, skill_area, gap_score) VALUES ('L-1055', 'Storage & Databases', 67);
INSERT INTO skill_gaps (learner_id, skill_area, gap_score) VALUES ('L-1055', 'AI / ML Services', 82);
INSERT INTO skill_gaps (learner_id, skill_area, gap_score) VALUES ('L-1055', 'Kubernetes & Containers', 89);
INSERT INTO learners (learner_id,name,email,role,department,manager_id,certification_id,exam_date,weeks_until_exam,hours_studied,total_required_hours,weekly_available_hours,completion_pct,practice_score,assessment_score,pass_probability,risk_level,confidence_score,meeting_hours_weekly,focus_hours_weekly,preferred_learning_slot,current_skill_level,enrolled_date,last_activity,engagement_score,streak_days,modules_completed,total_modules) VALUES ('L-1056','Michael Shaw','ystephens@example.net','Network Engineer','Data & AI','M-004','AWS-SAA','2026-07-21',6,51,90,7,56.7,100,100,91.9,'exam_ready',100,17,16,'Afternoon','Advanced','2026-03-03','2026-06-09',87,29,10,11) ON CONFLICT DO NOTHING;
INSERT INTO skill_gaps (learner_id, skill_area, gap_score) VALUES ('L-1056', 'Azure Architecture', 19);
INSERT INTO skill_gaps (learner_id, skill_area, gap_score) VALUES ('L-1056', 'Security & Compliance', 21);
INSERT INTO skill_gaps (learner_id, skill_area, gap_score) VALUES ('L-1056', 'DevOps & CI/CD', 88);
INSERT INTO skill_gaps (learner_id, skill_area, gap_score) VALUES ('L-1056', 'Networking', 86);
INSERT INTO skill_gaps (learner_id, skill_area, gap_score) VALUES ('L-1056', 'IAM & Access', 74);
INSERT INTO skill_gaps (learner_id, skill_area, gap_score) VALUES ('L-1056', 'Storage & Databases', 59);
INSERT INTO skill_gaps (learner_id, skill_area, gap_score) VALUES ('L-1056', 'AI / ML Services', 69);
INSERT INTO skill_gaps (learner_id, skill_area, gap_score) VALUES ('L-1056', 'Kubernetes & Containers', 84);
INSERT INTO learners (learner_id,name,email,role,department,manager_id,certification_id,exam_date,weeks_until_exam,hours_studied,total_required_hours,weekly_available_hours,completion_pct,practice_score,assessment_score,pass_probability,risk_level,confidence_score,meeting_hours_weekly,focus_hours_weekly,preferred_learning_slot,current_skill_level,enrolled_date,last_activity,engagement_score,streak_days,modules_completed,total_modules) VALUES ('L-1057','Donald Nelson','elizabeth40@example.net','Data Engineer','Platform Engineering','M-002','AWS-SAA','2026-08-11',9,24,90,15,26.7,62,67,51.5,'moderate_risk',62,18,21,'Morning','Intermediate','2026-02-17','2026-06-05',79,13,6,8) ON CONFLICT DO NOTHING;
INSERT INTO skill_gaps (learner_id, skill_area, gap_score) VALUES ('L-1057', 'Azure Architecture', 41);
INSERT INTO skill_gaps (learner_id, skill_area, gap_score) VALUES ('L-1057', 'Security & Compliance', 66);
INSERT INTO skill_gaps (learner_id, skill_area, gap_score) VALUES ('L-1057', 'DevOps & CI/CD', 66);
INSERT INTO skill_gaps (learner_id, skill_area, gap_score) VALUES ('L-1057', 'Networking', 77);
INSERT INTO skill_gaps (learner_id, skill_area, gap_score) VALUES ('L-1057', 'IAM & Access', 76);
INSERT INTO skill_gaps (learner_id, skill_area, gap_score) VALUES ('L-1057', 'Storage & Databases', 88);
INSERT INTO skill_gaps (learner_id, skill_area, gap_score) VALUES ('L-1057', 'AI / ML Services', 30);
INSERT INTO skill_gaps (learner_id, skill_area, gap_score) VALUES ('L-1057', 'Kubernetes & Containers', 56);
INSERT INTO learners (learner_id,name,email,role,department,manager_id,certification_id,exam_date,weeks_until_exam,hours_studied,total_required_hours,weekly_available_hours,completion_pct,practice_score,assessment_score,pass_probability,risk_level,confidence_score,meeting_hours_weekly,focus_hours_weekly,preferred_learning_slot,current_skill_level,enrolled_date,last_activity,engagement_score,streak_days,modules_completed,total_modules) VALUES ('L-1058','Ryan Benton','kristine65@example.net','Data Engineer','Security & Compliance','M-003','DP-900','2026-07-28',7,22,30,5,73.3,55,53,50.6,'moderate_risk',55,27,11,'Afternoon','Advanced','2026-03-03','2026-06-04',46,21,12,16) ON CONFLICT DO NOTHING;
INSERT INTO skill_gaps (learner_id, skill_area, gap_score) VALUES ('L-1058', 'Azure Architecture', 49);
INSERT INTO skill_gaps (learner_id, skill_area, gap_score) VALUES ('L-1058', 'Security & Compliance', 60);
INSERT INTO skill_gaps (learner_id, skill_area, gap_score) VALUES ('L-1058', 'DevOps & CI/CD', 26);
INSERT INTO skill_gaps (learner_id, skill_area, gap_score) VALUES ('L-1058', 'Networking', 86);
INSERT INTO skill_gaps (learner_id, skill_area, gap_score) VALUES ('L-1058', 'IAM & Access', 20);
INSERT INTO skill_gaps (learner_id, skill_area, gap_score) VALUES ('L-1058', 'Storage & Databases', 49);
INSERT INTO skill_gaps (learner_id, skill_area, gap_score) VALUES ('L-1058', 'AI / ML Services', 81);
INSERT INTO skill_gaps (learner_id, skill_area, gap_score) VALUES ('L-1058', 'Kubernetes & Containers', 58);
INSERT INTO learners (learner_id,name,email,role,department,manager_id,certification_id,exam_date,weeks_until_exam,hours_studied,total_required_hours,weekly_available_hours,completion_pct,practice_score,assessment_score,pass_probability,risk_level,confidence_score,meeting_hours_weekly,focus_hours_weekly,preferred_learning_slot,current_skill_level,enrolled_date,last_activity,engagement_score,streak_days,modules_completed,total_modules) VALUES ('L-1059','Kenneth Owens','philip29@example.com','Solution Architect','Security & Compliance','M-003','GCP-ACE','2026-09-01',12,70,70,10,100.0,100,96,98.4,'exam_ready',100,13,24,'Afternoon','Advanced','2026-02-24','2026-06-09',73,28,10,10) ON CONFLICT DO NOTHING;
INSERT INTO skill_gaps (learner_id, skill_area, gap_score) VALUES ('L-1059', 'Azure Architecture', 34);
INSERT INTO skill_gaps (learner_id, skill_area, gap_score) VALUES ('L-1059', 'Security & Compliance', 38);
INSERT INTO skill_gaps (learner_id, skill_area, gap_score) VALUES ('L-1059', 'DevOps & CI/CD', 27);
INSERT INTO skill_gaps (learner_id, skill_area, gap_score) VALUES ('L-1059', 'Networking', 29);
INSERT INTO skill_gaps (learner_id, skill_area, gap_score) VALUES ('L-1059', 'IAM & Access', 19);
INSERT INTO skill_gaps (learner_id, skill_area, gap_score) VALUES ('L-1059', 'Storage & Databases', 47);
INSERT INTO skill_gaps (learner_id, skill_area, gap_score) VALUES ('L-1059', 'AI / ML Services', 22);
INSERT INTO skill_gaps (learner_id, skill_area, gap_score) VALUES ('L-1059', 'Kubernetes & Containers', 74);
INSERT INTO learners (learner_id,name,email,role,department,manager_id,certification_id,exam_date,weeks_until_exam,hours_studied,total_required_hours,weekly_available_hours,completion_pct,practice_score,assessment_score,pass_probability,risk_level,confidence_score,meeting_hours_weekly,focus_hours_weekly,preferred_learning_slot,current_skill_level,enrolled_date,last_activity,engagement_score,streak_days,modules_completed,total_modules) VALUES ('L-1060','Robert Sheppard','silvajamie@example.com','ML Engineer','Data & AI','M-004','DP-900','2026-07-07',4,29,30,5,96.7,70,65,56.7,'moderate_risk',70,22,18,'Afternoon','Beginner','2026-04-21','2026-06-02',89,24,5,14) ON CONFLICT DO NOTHING;
INSERT INTO skill_gaps (learner_id, skill_area, gap_score) VALUES ('L-1060', 'Azure Architecture', 88);
INSERT INTO skill_gaps (learner_id, skill_area, gap_score) VALUES ('L-1060', 'Security & Compliance', 46);
INSERT INTO skill_gaps (learner_id, skill_area, gap_score) VALUES ('L-1060', 'DevOps & CI/CD', 67);
INSERT INTO skill_gaps (learner_id, skill_area, gap_score) VALUES ('L-1060', 'Networking', 39);
INSERT INTO skill_gaps (learner_id, skill_area, gap_score) VALUES ('L-1060', 'IAM & Access', 78);
INSERT INTO skill_gaps (learner_id, skill_area, gap_score) VALUES ('L-1060', 'Storage & Databases', 40);
INSERT INTO skill_gaps (learner_id, skill_area, gap_score) VALUES ('L-1060', 'AI / ML Services', 49);
INSERT INTO skill_gaps (learner_id, skill_area, gap_score) VALUES ('L-1060', 'Kubernetes & Containers', 70);
INSERT INTO learners (learner_id,name,email,role,department,manager_id,certification_id,exam_date,weeks_until_exam,hours_studied,total_required_hours,weekly_available_hours,completion_pct,practice_score,assessment_score,pass_probability,risk_level,confidence_score,meeting_hours_weekly,focus_hours_weekly,preferred_learning_slot,current_skill_level,enrolled_date,last_activity,engagement_score,streak_days,modules_completed,total_modules) VALUES ('L-1061','Steven Hardy','ptaylor@example.com','ML Engineer','Cloud Infrastructure','M-001','DP-900','2026-07-14',5,23,30,5,76.7,68,66,57.3,'moderate_risk',68,19,13,'Evening','Beginner','2026-02-24','2026-06-03',41,30,4,15) ON CONFLICT DO NOTHING;
INSERT INTO skill_gaps (learner_id, skill_area, gap_score) VALUES ('L-1061', 'Azure Architecture', 76);
INSERT INTO skill_gaps (learner_id, skill_area, gap_score) VALUES ('L-1061', 'Security & Compliance', 25);
INSERT INTO skill_gaps (learner_id, skill_area, gap_score) VALUES ('L-1061', 'DevOps & CI/CD', 46);
INSERT INTO skill_gaps (learner_id, skill_area, gap_score) VALUES ('L-1061', 'Networking', 20);
INSERT INTO skill_gaps (learner_id, skill_area, gap_score) VALUES ('L-1061', 'IAM & Access', 30);
INSERT INTO skill_gaps (learner_id, skill_area, gap_score) VALUES ('L-1061', 'Storage & Databases', 44);
INSERT INTO skill_gaps (learner_id, skill_area, gap_score) VALUES ('L-1061', 'AI / ML Services', 67);
INSERT INTO skill_gaps (learner_id, skill_area, gap_score) VALUES ('L-1061', 'Kubernetes & Containers', 75);
INSERT INTO learners (learner_id,name,email,role,department,manager_id,certification_id,exam_date,weeks_until_exam,hours_studied,total_required_hours,weekly_available_hours,completion_pct,practice_score,assessment_score,pass_probability,risk_level,confidence_score,meeting_hours_weekly,focus_hours_weekly,preferred_learning_slot,current_skill_level,enrolled_date,last_activity,engagement_score,streak_days,modules_completed,total_modules) VALUES ('L-1062','John Travis','johnjohnson@example.org','Data Engineer','Platform Engineering','M-002','DP-900','2026-08-04',8,17,30,3,56.7,45,50,44.7,'moderate_risk',45,10,25,'Evening','Intermediate','2026-03-24','2026-06-09',40,0,5,11) ON CONFLICT DO NOTHING;
INSERT INTO skill_gaps (learner_id, skill_area, gap_score) VALUES ('L-1062', 'Azure Architecture', 52);
INSERT INTO skill_gaps (learner_id, skill_area, gap_score) VALUES ('L-1062', 'Security & Compliance', 28);
INSERT INTO skill_gaps (learner_id, skill_area, gap_score) VALUES ('L-1062', 'DevOps & CI/CD', 27);
INSERT INTO skill_gaps (learner_id, skill_area, gap_score) VALUES ('L-1062', 'Networking', 14);
INSERT INTO skill_gaps (learner_id, skill_area, gap_score) VALUES ('L-1062', 'IAM & Access', 46);
INSERT INTO skill_gaps (learner_id, skill_area, gap_score) VALUES ('L-1062', 'Storage & Databases', 70);
INSERT INTO skill_gaps (learner_id, skill_area, gap_score) VALUES ('L-1062', 'AI / ML Services', 27);
INSERT INTO skill_gaps (learner_id, skill_area, gap_score) VALUES ('L-1062', 'Kubernetes & Containers', 70);
INSERT INTO learners (learner_id,name,email,role,department,manager_id,certification_id,exam_date,weeks_until_exam,hours_studied,total_required_hours,weekly_available_hours,completion_pct,practice_score,assessment_score,pass_probability,risk_level,confidence_score,meeting_hours_weekly,focus_hours_weekly,preferred_learning_slot,current_skill_level,enrolled_date,last_activity,engagement_score,streak_days,modules_completed,total_modules) VALUES ('L-1063','Stanley Norton','milleramy@example.com','DevOps Lead','Cloud Infrastructure','M-001','GCP-ACE','2026-08-25',11,59,70,15,84.3,100,100,93.7,'exam_ready',100,17,22,'Morning','Beginner','2026-03-17','2026-06-06',48,9,7,8) ON CONFLICT DO NOTHING;
INSERT INTO skill_gaps (learner_id, skill_area, gap_score) VALUES ('L-1063', 'Azure Architecture', 63);
INSERT INTO skill_gaps (learner_id, skill_area, gap_score) VALUES ('L-1063', 'Security & Compliance', 89);
INSERT INTO skill_gaps (learner_id, skill_area, gap_score) VALUES ('L-1063', 'DevOps & CI/CD', 68);
INSERT INTO skill_gaps (learner_id, skill_area, gap_score) VALUES ('L-1063', 'Networking', 18);
INSERT INTO skill_gaps (learner_id, skill_area, gap_score) VALUES ('L-1063', 'IAM & Access', 24);
INSERT INTO skill_gaps (learner_id, skill_area, gap_score) VALUES ('L-1063', 'Storage & Databases', 73);
INSERT INTO skill_gaps (learner_id, skill_area, gap_score) VALUES ('L-1063', 'AI / ML Services', 86);
INSERT INTO skill_gaps (learner_id, skill_area, gap_score) VALUES ('L-1063', 'Kubernetes & Containers', 78);
INSERT INTO learners (learner_id,name,email,role,department,manager_id,certification_id,exam_date,weeks_until_exam,hours_studied,total_required_hours,weekly_available_hours,completion_pct,practice_score,assessment_score,pass_probability,risk_level,confidence_score,meeting_hours_weekly,focus_hours_weekly,preferred_learning_slot,current_skill_level,enrolled_date,last_activity,engagement_score,streak_days,modules_completed,total_modules) VALUES ('L-1064','Kenneth Mathews','christopherking@example.net','Data Engineer','Cloud Infrastructure','M-001','DP-900','2026-08-25',11,10,30,10,33.3,38,37,27.7,'high_risk',38,19,20,'Evening','Advanced','2026-03-17','2026-06-08',72,4,1,13) ON CONFLICT DO NOTHING;
INSERT INTO skill_gaps (learner_id, skill_area, gap_score) VALUES ('L-1064', 'Azure Architecture', 59);
INSERT INTO skill_gaps (learner_id, skill_area, gap_score) VALUES ('L-1064', 'Security & Compliance', 57);
INSERT INTO skill_gaps (learner_id, skill_area, gap_score) VALUES ('L-1064', 'DevOps & CI/CD', 42);
INSERT INTO skill_gaps (learner_id, skill_area, gap_score) VALUES ('L-1064', 'Networking', 12);
INSERT INTO skill_gaps (learner_id, skill_area, gap_score) VALUES ('L-1064', 'IAM & Access', 55);
INSERT INTO skill_gaps (learner_id, skill_area, gap_score) VALUES ('L-1064', 'Storage & Databases', 18);
INSERT INTO skill_gaps (learner_id, skill_area, gap_score) VALUES ('L-1064', 'AI / ML Services', 54);
INSERT INTO skill_gaps (learner_id, skill_area, gap_score) VALUES ('L-1064', 'Kubernetes & Containers', 40);
INSERT INTO learners (learner_id,name,email,role,department,manager_id,certification_id,exam_date,weeks_until_exam,hours_studied,total_required_hours,weekly_available_hours,completion_pct,practice_score,assessment_score,pass_probability,risk_level,confidence_score,meeting_hours_weekly,focus_hours_weekly,preferred_learning_slot,current_skill_level,enrolled_date,last_activity,engagement_score,streak_days,modules_completed,total_modules) VALUES ('L-1065','Christopher Ross','zchung@example.org','Data Engineer','Cloud Infrastructure','M-001','AWS-SAA','2026-07-07',4,78,90,12,86.7,100,92,95.2,'exam_ready',100,10,23,'Afternoon','Advanced','2026-04-07','2026-06-05',34,24,11,11) ON CONFLICT DO NOTHING;
INSERT INTO skill_gaps (learner_id, skill_area, gap_score) VALUES ('L-1065', 'Azure Architecture', 35);
INSERT INTO skill_gaps (learner_id, skill_area, gap_score) VALUES ('L-1065', 'Security & Compliance', 15);
INSERT INTO skill_gaps (learner_id, skill_area, gap_score) VALUES ('L-1065', 'DevOps & CI/CD', 35);
INSERT INTO skill_gaps (learner_id, skill_area, gap_score) VALUES ('L-1065', 'Networking', 15);
INSERT INTO skill_gaps (learner_id, skill_area, gap_score) VALUES ('L-1065', 'IAM & Access', 50);
INSERT INTO skill_gaps (learner_id, skill_area, gap_score) VALUES ('L-1065', 'Storage & Databases', 49);
INSERT INTO skill_gaps (learner_id, skill_area, gap_score) VALUES ('L-1065', 'AI / ML Services', 75);
INSERT INTO skill_gaps (learner_id, skill_area, gap_score) VALUES ('L-1065', 'Kubernetes & Containers', 60);
INSERT INTO learners (learner_id,name,email,role,department,manager_id,certification_id,exam_date,weeks_until_exam,hours_studied,total_required_hours,weekly_available_hours,completion_pct,practice_score,assessment_score,pass_probability,risk_level,confidence_score,meeting_hours_weekly,focus_hours_weekly,preferred_learning_slot,current_skill_level,enrolled_date,last_activity,engagement_score,streak_days,modules_completed,total_modules) VALUES ('L-1066','Benjamin Jones','nsanders@example.com','Platform Engineer','Data & AI','M-004','AWS-SAA','2026-06-23',2,68,90,10,75.6,100,100,94.5,'exam_ready',100,20,13,'Evening','Advanced','2026-02-24','2026-06-07',99,9,6,9) ON CONFLICT DO NOTHING;
INSERT INTO skill_gaps (learner_id, skill_area, gap_score) VALUES ('L-1066', 'Azure Architecture', 73);
INSERT INTO skill_gaps (learner_id, skill_area, gap_score) VALUES ('L-1066', 'Security & Compliance', 57);
INSERT INTO skill_gaps (learner_id, skill_area, gap_score) VALUES ('L-1066', 'DevOps & CI/CD', 76);
INSERT INTO skill_gaps (learner_id, skill_area, gap_score) VALUES ('L-1066', 'Networking', 44);
INSERT INTO skill_gaps (learner_id, skill_area, gap_score) VALUES ('L-1066', 'IAM & Access', 20);
INSERT INTO skill_gaps (learner_id, skill_area, gap_score) VALUES ('L-1066', 'Storage & Databases', 64);
INSERT INTO skill_gaps (learner_id, skill_area, gap_score) VALUES ('L-1066', 'AI / ML Services', 20);
INSERT INTO skill_gaps (learner_id, skill_area, gap_score) VALUES ('L-1066', 'Kubernetes & Containers', 65);
INSERT INTO learners (learner_id,name,email,role,department,manager_id,certification_id,exam_date,weeks_until_exam,hours_studied,total_required_hours,weekly_available_hours,completion_pct,practice_score,assessment_score,pass_probability,risk_level,confidence_score,meeting_hours_weekly,focus_hours_weekly,preferred_learning_slot,current_skill_level,enrolled_date,last_activity,engagement_score,streak_days,modules_completed,total_modules) VALUES ('L-1067','Rebecca Roberts','andrewdavila@example.org','Solution Architect','Security & Compliance','M-003','AWS-SAA','2026-09-01',12,24,90,7,26.7,65,52,56.1,'moderate_risk',65,13,20,'Afternoon','Intermediate','2026-03-31','2026-06-07',33,4,10,15) ON CONFLICT DO NOTHING;
INSERT INTO skill_gaps (learner_id, skill_area, gap_score) VALUES ('L-1067', 'Azure Architecture', 15);
INSERT INTO skill_gaps (learner_id, skill_area, gap_score) VALUES ('L-1067', 'Security & Compliance', 55);
INSERT INTO skill_gaps (learner_id, skill_area, gap_score) VALUES ('L-1067', 'DevOps & CI/CD', 88);
INSERT INTO skill_gaps (learner_id, skill_area, gap_score) VALUES ('L-1067', 'Networking', 65);
INSERT INTO skill_gaps (learner_id, skill_area, gap_score) VALUES ('L-1067', 'IAM & Access', 45);
INSERT INTO skill_gaps (learner_id, skill_area, gap_score) VALUES ('L-1067', 'Storage & Databases', 17);
INSERT INTO skill_gaps (learner_id, skill_area, gap_score) VALUES ('L-1067', 'AI / ML Services', 19);
INSERT INTO skill_gaps (learner_id, skill_area, gap_score) VALUES ('L-1067', 'Kubernetes & Containers', 61);
INSERT INTO learners (learner_id,name,email,role,department,manager_id,certification_id,exam_date,weeks_until_exam,hours_studied,total_required_hours,weekly_available_hours,completion_pct,practice_score,assessment_score,pass_probability,risk_level,confidence_score,meeting_hours_weekly,focus_hours_weekly,preferred_learning_slot,current_skill_level,enrolled_date,last_activity,engagement_score,streak_days,modules_completed,total_modules) VALUES ('L-1068','Lydia Peterson','kristenvance@example.net','Cloud Engineer','Platform Engineering','M-002','AZ-204','2026-06-30',3,55,80,7,68.8,95,100,84.0,'exam_ready',95,26,14,'Afternoon','Advanced','2026-04-28','2026-06-06',44,0,12,10) ON CONFLICT DO NOTHING;
INSERT INTO skill_gaps (learner_id, skill_area, gap_score) VALUES ('L-1068', 'Azure Architecture', 66);
INSERT INTO skill_gaps (learner_id, skill_area, gap_score) VALUES ('L-1068', 'Security & Compliance', 19);
INSERT INTO skill_gaps (learner_id, skill_area, gap_score) VALUES ('L-1068', 'DevOps & CI/CD', 83);
INSERT INTO skill_gaps (learner_id, skill_area, gap_score) VALUES ('L-1068', 'Networking', 27);
INSERT INTO skill_gaps (learner_id, skill_area, gap_score) VALUES ('L-1068', 'IAM & Access', 77);
INSERT INTO skill_gaps (learner_id, skill_area, gap_score) VALUES ('L-1068', 'Storage & Databases', 56);
INSERT INTO skill_gaps (learner_id, skill_area, gap_score) VALUES ('L-1068', 'AI / ML Services', 60);
INSERT INTO skill_gaps (learner_id, skill_area, gap_score) VALUES ('L-1068', 'Kubernetes & Containers', 50);
INSERT INTO learners (learner_id,name,email,role,department,manager_id,certification_id,exam_date,weeks_until_exam,hours_studied,total_required_hours,weekly_available_hours,completion_pct,practice_score,assessment_score,pass_probability,risk_level,confidence_score,meeting_hours_weekly,focus_hours_weekly,preferred_learning_slot,current_skill_level,enrolled_date,last_activity,engagement_score,streak_days,modules_completed,total_modules) VALUES ('L-1069','Olivia Beltran','michaelbrown@example.org','Network Engineer','Security & Compliance','M-003','AWS-SAA','2026-08-04',8,20,90,15,22.2,38,54,36.4,'high_risk',38,22,15,'Evening','Beginner','2026-03-03','2026-06-04',74,22,2,16) ON CONFLICT DO NOTHING;
INSERT INTO skill_gaps (learner_id, skill_area, gap_score) VALUES ('L-1069', 'Azure Architecture', 72);
INSERT INTO skill_gaps (learner_id, skill_area, gap_score) VALUES ('L-1069', 'Security & Compliance', 35);
INSERT INTO skill_gaps (learner_id, skill_area, gap_score) VALUES ('L-1069', 'DevOps & CI/CD', 25);
INSERT INTO skill_gaps (learner_id, skill_area, gap_score) VALUES ('L-1069', 'Networking', 27);
INSERT INTO skill_gaps (learner_id, skill_area, gap_score) VALUES ('L-1069', 'IAM & Access', 19);
INSERT INTO skill_gaps (learner_id, skill_area, gap_score) VALUES ('L-1069', 'Storage & Databases', 67);
INSERT INTO skill_gaps (learner_id, skill_area, gap_score) VALUES ('L-1069', 'AI / ML Services', 32);
INSERT INTO skill_gaps (learner_id, skill_area, gap_score) VALUES ('L-1069', 'Kubernetes & Containers', 66);
INSERT INTO learners (learner_id,name,email,role,department,manager_id,certification_id,exam_date,weeks_until_exam,hours_studied,total_required_hours,weekly_available_hours,completion_pct,practice_score,assessment_score,pass_probability,risk_level,confidence_score,meeting_hours_weekly,focus_hours_weekly,preferred_learning_slot,current_skill_level,enrolled_date,last_activity,engagement_score,streak_days,modules_completed,total_modules) VALUES ('L-1070','Dennis Rios DVM','lsummers@example.com','Platform Engineer','Platform Engineering','M-002','AWS-SAA','2026-07-07',4,31,90,5,34.4,67,71,58.7,'moderate_risk',67,14,24,'Evening','Intermediate','2026-04-14','2026-06-02',97,13,7,9) ON CONFLICT DO NOTHING;
INSERT INTO skill_gaps (learner_id, skill_area, gap_score) VALUES ('L-1070', 'Azure Architecture', 83);
INSERT INTO skill_gaps (learner_id, skill_area, gap_score) VALUES ('L-1070', 'Security & Compliance', 57);
INSERT INTO skill_gaps (learner_id, skill_area, gap_score) VALUES ('L-1070', 'DevOps & CI/CD', 69);
INSERT INTO skill_gaps (learner_id, skill_area, gap_score) VALUES ('L-1070', 'Networking', 80);
INSERT INTO skill_gaps (learner_id, skill_area, gap_score) VALUES ('L-1070', 'IAM & Access', 26);
INSERT INTO skill_gaps (learner_id, skill_area, gap_score) VALUES ('L-1070', 'Storage & Databases', 88);
INSERT INTO skill_gaps (learner_id, skill_area, gap_score) VALUES ('L-1070', 'AI / ML Services', 21);
INSERT INTO skill_gaps (learner_id, skill_area, gap_score) VALUES ('L-1070', 'Kubernetes & Containers', 18);
INSERT INTO learners (learner_id,name,email,role,department,manager_id,certification_id,exam_date,weeks_until_exam,hours_studied,total_required_hours,weekly_available_hours,completion_pct,practice_score,assessment_score,pass_probability,risk_level,confidence_score,meeting_hours_weekly,focus_hours_weekly,preferred_learning_slot,current_skill_level,enrolled_date,last_activity,engagement_score,streak_days,modules_completed,total_modules) VALUES ('L-1071','Natasha Olsen','michaelmarshall@example.net','DevOps Lead','Platform Engineering','M-002','AWS-DVA','2026-09-01',12,33,75,5,44.0,72,67,63.5,'exam_ready',72,12,20,'Morning','Beginner','2026-04-21','2026-06-06',74,30,9,12) ON CONFLICT DO NOTHING;
INSERT INTO skill_gaps (learner_id, skill_area, gap_score) VALUES ('L-1071', 'Azure Architecture', 65);
INSERT INTO skill_gaps (learner_id, skill_area, gap_score) VALUES ('L-1071', 'Security & Compliance', 74);
INSERT INTO skill_gaps (learner_id, skill_area, gap_score) VALUES ('L-1071', 'DevOps & CI/CD', 17);
INSERT INTO skill_gaps (learner_id, skill_area, gap_score) VALUES ('L-1071', 'Networking', 25);
INSERT INTO skill_gaps (learner_id, skill_area, gap_score) VALUES ('L-1071', 'IAM & Access', 76);
INSERT INTO skill_gaps (learner_id, skill_area, gap_score) VALUES ('L-1071', 'Storage & Databases', 29);
INSERT INTO skill_gaps (learner_id, skill_area, gap_score) VALUES ('L-1071', 'AI / ML Services', 48);
INSERT INTO skill_gaps (learner_id, skill_area, gap_score) VALUES ('L-1071', 'Kubernetes & Containers', 31);
INSERT INTO learners (learner_id,name,email,role,department,manager_id,certification_id,exam_date,weeks_until_exam,hours_studied,total_required_hours,weekly_available_hours,completion_pct,practice_score,assessment_score,pass_probability,risk_level,confidence_score,meeting_hours_weekly,focus_hours_weekly,preferred_learning_slot,current_skill_level,enrolled_date,last_activity,engagement_score,streak_days,modules_completed,total_modules) VALUES ('L-1072','Jacob Moran','jonathanmunoz@example.org','Solution Architect','Platform Engineering','M-002','AWS-SAA','2026-07-14',5,62,90,15,68.9,100,100,89.9,'exam_ready',100,25,14,'Morning','Advanced','2026-03-03','2026-06-05',56,24,10,14) ON CONFLICT DO NOTHING;
INSERT INTO skill_gaps (learner_id, skill_area, gap_score) VALUES ('L-1072', 'Azure Architecture', 89);
INSERT INTO skill_gaps (learner_id, skill_area, gap_score) VALUES ('L-1072', 'Security & Compliance', 87);
INSERT INTO skill_gaps (learner_id, skill_area, gap_score) VALUES ('L-1072', 'DevOps & CI/CD', 53);
INSERT INTO skill_gaps (learner_id, skill_area, gap_score) VALUES ('L-1072', 'Networking', 82);
INSERT INTO skill_gaps (learner_id, skill_area, gap_score) VALUES ('L-1072', 'IAM & Access', 15);
INSERT INTO skill_gaps (learner_id, skill_area, gap_score) VALUES ('L-1072', 'Storage & Databases', 13);
INSERT INTO skill_gaps (learner_id, skill_area, gap_score) VALUES ('L-1072', 'AI / ML Services', 20);
INSERT INTO skill_gaps (learner_id, skill_area, gap_score) VALUES ('L-1072', 'Kubernetes & Containers', 15);
INSERT INTO learners (learner_id,name,email,role,department,manager_id,certification_id,exam_date,weeks_until_exam,hours_studied,total_required_hours,weekly_available_hours,completion_pct,practice_score,assessment_score,pass_probability,risk_level,confidence_score,meeting_hours_weekly,focus_hours_weekly,preferred_learning_slot,current_skill_level,enrolled_date,last_activity,engagement_score,streak_days,modules_completed,total_modules) VALUES ('L-1073','Shannon Nguyen','lauramurphy@example.net','Cloud Engineer','Security & Compliance','M-003','AZ-900','2026-09-01',12,23,40,15,57.5,54,56,44.4,'moderate_risk',54,15,19,'Afternoon','Intermediate','2026-03-24','2026-06-07',70,27,12,13) ON CONFLICT DO NOTHING;
INSERT INTO skill_gaps (learner_id, skill_area, gap_score) VALUES ('L-1073', 'Azure Architecture', 19);
INSERT INTO skill_gaps (learner_id, skill_area, gap_score) VALUES ('L-1073', 'Security & Compliance', 17);
INSERT INTO skill_gaps (learner_id, skill_area, gap_score) VALUES ('L-1073', 'DevOps & CI/CD', 30);
INSERT INTO skill_gaps (learner_id, skill_area, gap_score) VALUES ('L-1073', 'Networking', 66);
INSERT INTO skill_gaps (learner_id, skill_area, gap_score) VALUES ('L-1073', 'IAM & Access', 63);
INSERT INTO skill_gaps (learner_id, skill_area, gap_score) VALUES ('L-1073', 'Storage & Databases', 71);
INSERT INTO skill_gaps (learner_id, skill_area, gap_score) VALUES ('L-1073', 'AI / ML Services', 69);
INSERT INTO skill_gaps (learner_id, skill_area, gap_score) VALUES ('L-1073', 'Kubernetes & Containers', 36);
INSERT INTO learners (learner_id,name,email,role,department,manager_id,certification_id,exam_date,weeks_until_exam,hours_studied,total_required_hours,weekly_available_hours,completion_pct,practice_score,assessment_score,pass_probability,risk_level,confidence_score,meeting_hours_weekly,focus_hours_weekly,preferred_learning_slot,current_skill_level,enrolled_date,last_activity,engagement_score,streak_days,modules_completed,total_modules) VALUES ('L-1074','Mrs. Carrie Jones','shari09@example.com','Data Engineer','Security & Compliance','M-003','AZ-204','2026-07-07',4,72,80,10,90.0,93,98,90.5,'exam_ready',93,22,17,'Morning','Advanced','2026-04-21','2026-06-06',50,15,9,15) ON CONFLICT DO NOTHING;
INSERT INTO skill_gaps (learner_id, skill_area, gap_score) VALUES ('L-1074', 'Azure Architecture', 47);
INSERT INTO skill_gaps (learner_id, skill_area, gap_score) VALUES ('L-1074', 'Security & Compliance', 59);
INSERT INTO skill_gaps (learner_id, skill_area, gap_score) VALUES ('L-1074', 'DevOps & CI/CD', 88);
INSERT INTO skill_gaps (learner_id, skill_area, gap_score) VALUES ('L-1074', 'Networking', 63);
INSERT INTO skill_gaps (learner_id, skill_area, gap_score) VALUES ('L-1074', 'IAM & Access', 41);
INSERT INTO skill_gaps (learner_id, skill_area, gap_score) VALUES ('L-1074', 'Storage & Databases', 30);
INSERT INTO skill_gaps (learner_id, skill_area, gap_score) VALUES ('L-1074', 'AI / ML Services', 51);
INSERT INTO skill_gaps (learner_id, skill_area, gap_score) VALUES ('L-1074', 'Kubernetes & Containers', 83);
INSERT INTO learners (learner_id,name,email,role,department,manager_id,certification_id,exam_date,weeks_until_exam,hours_studied,total_required_hours,weekly_available_hours,completion_pct,practice_score,assessment_score,pass_probability,risk_level,confidence_score,meeting_hours_weekly,focus_hours_weekly,preferred_learning_slot,current_skill_level,enrolled_date,last_activity,engagement_score,streak_days,modules_completed,total_modules) VALUES ('L-1075','David Smith','ymorris@example.net','Network Engineer','Security & Compliance','M-003','SC-900','2026-08-11',9,7,35,3,20.0,36,42,26.6,'high_risk',36,15,22,'Morning','Beginner','2026-04-14','2026-06-07',63,23,6,14) ON CONFLICT DO NOTHING;
INSERT INTO skill_gaps (learner_id, skill_area, gap_score) VALUES ('L-1075', 'Azure Architecture', 16);
INSERT INTO skill_gaps (learner_id, skill_area, gap_score) VALUES ('L-1075', 'Security & Compliance', 46);
INSERT INTO skill_gaps (learner_id, skill_area, gap_score) VALUES ('L-1075', 'DevOps & CI/CD', 73);
INSERT INTO skill_gaps (learner_id, skill_area, gap_score) VALUES ('L-1075', 'Networking', 86);
INSERT INTO skill_gaps (learner_id, skill_area, gap_score) VALUES ('L-1075', 'IAM & Access', 70);
INSERT INTO skill_gaps (learner_id, skill_area, gap_score) VALUES ('L-1075', 'Storage & Databases', 46);
INSERT INTO skill_gaps (learner_id, skill_area, gap_score) VALUES ('L-1075', 'AI / ML Services', 78);
INSERT INTO skill_gaps (learner_id, skill_area, gap_score) VALUES ('L-1075', 'Kubernetes & Containers', 11);
INSERT INTO learners (learner_id,name,email,role,department,manager_id,certification_id,exam_date,weeks_until_exam,hours_studied,total_required_hours,weekly_available_hours,completion_pct,practice_score,assessment_score,pass_probability,risk_level,confidence_score,meeting_hours_weekly,focus_hours_weekly,preferred_learning_slot,current_skill_level,enrolled_date,last_activity,engagement_score,streak_days,modules_completed,total_modules) VALUES ('L-1076','Joyce Mullins','nicholas82@example.net','Data Engineer','Data & AI','M-004','DP-900','2026-08-04',8,23,30,3,76.7,52,57,39.9,'moderate_risk',52,17,22,'Afternoon','Advanced','2026-04-21','2026-06-07',55,19,9,14) ON CONFLICT DO NOTHING;
INSERT INTO skill_gaps (learner_id, skill_area, gap_score) VALUES ('L-1076', 'Azure Architecture', 89);
INSERT INTO skill_gaps (learner_id, skill_area, gap_score) VALUES ('L-1076', 'Security & Compliance', 88);
INSERT INTO skill_gaps (learner_id, skill_area, gap_score) VALUES ('L-1076', 'DevOps & CI/CD', 25);
INSERT INTO skill_gaps (learner_id, skill_area, gap_score) VALUES ('L-1076', 'Networking', 26);
INSERT INTO skill_gaps (learner_id, skill_area, gap_score) VALUES ('L-1076', 'IAM & Access', 22);
INSERT INTO skill_gaps (learner_id, skill_area, gap_score) VALUES ('L-1076', 'Storage & Databases', 60);
INSERT INTO skill_gaps (learner_id, skill_area, gap_score) VALUES ('L-1076', 'AI / ML Services', 57);
INSERT INTO skill_gaps (learner_id, skill_area, gap_score) VALUES ('L-1076', 'Kubernetes & Containers', 53);
INSERT INTO learners (learner_id,name,email,role,department,manager_id,certification_id,exam_date,weeks_until_exam,hours_studied,total_required_hours,weekly_available_hours,completion_pct,practice_score,assessment_score,pass_probability,risk_level,confidence_score,meeting_hours_weekly,focus_hours_weekly,preferred_learning_slot,current_skill_level,enrolled_date,last_activity,engagement_score,streak_days,modules_completed,total_modules) VALUES ('L-1077','Laurie Thomas','aware@example.net','Cloud Engineer','Platform Engineering','M-002','AZ-204','2026-06-23',2,35,80,5,43.8,77,79,63.6,'exam_ready',77,12,20,'Afternoon','Advanced','2026-02-24','2026-06-02',68,15,1,13) ON CONFLICT DO NOTHING;
INSERT INTO skill_gaps (learner_id, skill_area, gap_score) VALUES ('L-1077', 'Azure Architecture', 88);
INSERT INTO skill_gaps (learner_id, skill_area, gap_score) VALUES ('L-1077', 'Security & Compliance', 50);
INSERT INTO skill_gaps (learner_id, skill_area, gap_score) VALUES ('L-1077', 'DevOps & CI/CD', 30);
INSERT INTO skill_gaps (learner_id, skill_area, gap_score) VALUES ('L-1077', 'Networking', 60);
INSERT INTO skill_gaps (learner_id, skill_area, gap_score) VALUES ('L-1077', 'IAM & Access', 88);
INSERT INTO skill_gaps (learner_id, skill_area, gap_score) VALUES ('L-1077', 'Storage & Databases', 48);
INSERT INTO skill_gaps (learner_id, skill_area, gap_score) VALUES ('L-1077', 'AI / ML Services', 85);
INSERT INTO skill_gaps (learner_id, skill_area, gap_score) VALUES ('L-1077', 'Kubernetes & Containers', 53);
INSERT INTO learners (learner_id,name,email,role,department,manager_id,certification_id,exam_date,weeks_until_exam,hours_studied,total_required_hours,weekly_available_hours,completion_pct,practice_score,assessment_score,pass_probability,risk_level,confidence_score,meeting_hours_weekly,focus_hours_weekly,preferred_learning_slot,current_skill_level,enrolled_date,last_activity,engagement_score,streak_days,modules_completed,total_modules) VALUES ('L-1078','Mrs. Melinda Bowen','wileyjames@example.org','Data Engineer','Data & AI','M-004','AWS-SAA','2026-06-30',3,68,90,10,75.6,94,100,90.9,'exam_ready',94,28,12,'Evening','Advanced','2026-03-24','2026-06-03',48,26,11,11) ON CONFLICT DO NOTHING;
INSERT INTO skill_gaps (learner_id, skill_area, gap_score) VALUES ('L-1078', 'Azure Architecture', 83);
INSERT INTO skill_gaps (learner_id, skill_area, gap_score) VALUES ('L-1078', 'Security & Compliance', 39);
INSERT INTO skill_gaps (learner_id, skill_area, gap_score) VALUES ('L-1078', 'DevOps & CI/CD', 16);
INSERT INTO skill_gaps (learner_id, skill_area, gap_score) VALUES ('L-1078', 'Networking', 84);
INSERT INTO skill_gaps (learner_id, skill_area, gap_score) VALUES ('L-1078', 'IAM & Access', 71);
INSERT INTO skill_gaps (learner_id, skill_area, gap_score) VALUES ('L-1078', 'Storage & Databases', 31);
INSERT INTO skill_gaps (learner_id, skill_area, gap_score) VALUES ('L-1078', 'AI / ML Services', 77);
INSERT INTO skill_gaps (learner_id, skill_area, gap_score) VALUES ('L-1078', 'Kubernetes & Containers', 90);
INSERT INTO learners (learner_id,name,email,role,department,manager_id,certification_id,exam_date,weeks_until_exam,hours_studied,total_required_hours,weekly_available_hours,completion_pct,practice_score,assessment_score,pass_probability,risk_level,confidence_score,meeting_hours_weekly,focus_hours_weekly,preferred_learning_slot,current_skill_level,enrolled_date,last_activity,engagement_score,streak_days,modules_completed,total_modules) VALUES ('L-1079','Susan Davis','dilloncynthia@example.net','Cloud Engineer','Data & AI','M-004','AZ-305','2026-06-30',3,35,120,7,29.2,88,71,75.9,'exam_ready',88,21,16,'Evening','Advanced','2026-04-07','2026-06-03',70,30,3,15) ON CONFLICT DO NOTHING;
INSERT INTO skill_gaps (learner_id, skill_area, gap_score) VALUES ('L-1079', 'Azure Architecture', 88);
INSERT INTO skill_gaps (learner_id, skill_area, gap_score) VALUES ('L-1079', 'Security & Compliance', 70);
INSERT INTO skill_gaps (learner_id, skill_area, gap_score) VALUES ('L-1079', 'DevOps & CI/CD', 17);
INSERT INTO skill_gaps (learner_id, skill_area, gap_score) VALUES ('L-1079', 'Networking', 27);
INSERT INTO skill_gaps (learner_id, skill_area, gap_score) VALUES ('L-1079', 'IAM & Access', 76);
INSERT INTO skill_gaps (learner_id, skill_area, gap_score) VALUES ('L-1079', 'Storage & Databases', 36);
INSERT INTO skill_gaps (learner_id, skill_area, gap_score) VALUES ('L-1079', 'AI / ML Services', 81);
INSERT INTO skill_gaps (learner_id, skill_area, gap_score) VALUES ('L-1079', 'Kubernetes & Containers', 51);
INSERT INTO learners (learner_id,name,email,role,department,manager_id,certification_id,exam_date,weeks_until_exam,hours_studied,total_required_hours,weekly_available_hours,completion_pct,practice_score,assessment_score,pass_probability,risk_level,confidence_score,meeting_hours_weekly,focus_hours_weekly,preferred_learning_slot,current_skill_level,enrolled_date,last_activity,engagement_score,streak_days,modules_completed,total_modules) VALUES ('L-1080','Katherine Reed','timothybaker@example.com','Data Engineer','Security & Compliance','M-003','AWS-SAA','2026-07-28',7,46,90,7,51.1,75,95,71.0,'exam_ready',75,16,16,'Afternoon','Intermediate','2026-05-19','2026-06-03',80,26,6,10) ON CONFLICT DO NOTHING;
INSERT INTO skill_gaps (learner_id, skill_area, gap_score) VALUES ('L-1080', 'Azure Architecture', 46);
INSERT INTO skill_gaps (learner_id, skill_area, gap_score) VALUES ('L-1080', 'Security & Compliance', 36);
INSERT INTO skill_gaps (learner_id, skill_area, gap_score) VALUES ('L-1080', 'DevOps & CI/CD', 72);
INSERT INTO skill_gaps (learner_id, skill_area, gap_score) VALUES ('L-1080', 'Networking', 50);
INSERT INTO skill_gaps (learner_id, skill_area, gap_score) VALUES ('L-1080', 'IAM & Access', 71);
INSERT INTO skill_gaps (learner_id, skill_area, gap_score) VALUES ('L-1080', 'Storage & Databases', 54);
INSERT INTO skill_gaps (learner_id, skill_area, gap_score) VALUES ('L-1080', 'AI / ML Services', 81);
INSERT INTO skill_gaps (learner_id, skill_area, gap_score) VALUES ('L-1080', 'Kubernetes & Containers', 45);
INSERT INTO learners (learner_id,name,email,role,department,manager_id,certification_id,exam_date,weeks_until_exam,hours_studied,total_required_hours,weekly_available_hours,completion_pct,practice_score,assessment_score,pass_probability,risk_level,confidence_score,meeting_hours_weekly,focus_hours_weekly,preferred_learning_slot,current_skill_level,enrolled_date,last_activity,engagement_score,streak_days,modules_completed,total_modules) VALUES ('L-1081','Vanessa Howard','lisanguyen@example.org','Platform Engineer','Platform Engineering','M-002','AZ-305','2026-07-21',6,21,120,5,17.5,76,64,59.1,'exam_ready',76,23,14,'Evening','Beginner','2026-05-26','2026-06-06',59,1,2,14) ON CONFLICT DO NOTHING;
INSERT INTO skill_gaps (learner_id, skill_area, gap_score) VALUES ('L-1081', 'Azure Architecture', 44);
INSERT INTO skill_gaps (learner_id, skill_area, gap_score) VALUES ('L-1081', 'Security & Compliance', 81);
INSERT INTO skill_gaps (learner_id, skill_area, gap_score) VALUES ('L-1081', 'DevOps & CI/CD', 44);
INSERT INTO skill_gaps (learner_id, skill_area, gap_score) VALUES ('L-1081', 'Networking', 27);
INSERT INTO skill_gaps (learner_id, skill_area, gap_score) VALUES ('L-1081', 'IAM & Access', 23);
INSERT INTO skill_gaps (learner_id, skill_area, gap_score) VALUES ('L-1081', 'Storage & Databases', 88);
INSERT INTO skill_gaps (learner_id, skill_area, gap_score) VALUES ('L-1081', 'AI / ML Services', 85);
INSERT INTO skill_gaps (learner_id, skill_area, gap_score) VALUES ('L-1081', 'Kubernetes & Containers', 40);
INSERT INTO learners (learner_id,name,email,role,department,manager_id,certification_id,exam_date,weeks_until_exam,hours_studied,total_required_hours,weekly_available_hours,completion_pct,practice_score,assessment_score,pass_probability,risk_level,confidence_score,meeting_hours_weekly,focus_hours_weekly,preferred_learning_slot,current_skill_level,enrolled_date,last_activity,engagement_score,streak_days,modules_completed,total_modules) VALUES ('L-1082','Joseph Mccarthy','rpowell@example.org','Data Engineer','Data & AI','M-004','AWS-SAA','2026-08-11',9,13,90,5,14.4,53,44,40.0,'moderate_risk',53,13,21,'Afternoon','Beginner','2026-04-14','2026-06-07',34,26,7,15) ON CONFLICT DO NOTHING;
INSERT INTO skill_gaps (learner_id, skill_area, gap_score) VALUES ('L-1082', 'Azure Architecture', 51);
INSERT INTO skill_gaps (learner_id, skill_area, gap_score) VALUES ('L-1082', 'Security & Compliance', 46);
INSERT INTO skill_gaps (learner_id, skill_area, gap_score) VALUES ('L-1082', 'DevOps & CI/CD', 17);
INSERT INTO skill_gaps (learner_id, skill_area, gap_score) VALUES ('L-1082', 'Networking', 21);
INSERT INTO skill_gaps (learner_id, skill_area, gap_score) VALUES ('L-1082', 'IAM & Access', 83);
INSERT INTO skill_gaps (learner_id, skill_area, gap_score) VALUES ('L-1082', 'Storage & Databases', 39);
INSERT INTO skill_gaps (learner_id, skill_area, gap_score) VALUES ('L-1082', 'AI / ML Services', 78);
INSERT INTO skill_gaps (learner_id, skill_area, gap_score) VALUES ('L-1082', 'Kubernetes & Containers', 14);
INSERT INTO learners (learner_id,name,email,role,department,manager_id,certification_id,exam_date,weeks_until_exam,hours_studied,total_required_hours,weekly_available_hours,completion_pct,practice_score,assessment_score,pass_probability,risk_level,confidence_score,meeting_hours_weekly,focus_hours_weekly,preferred_learning_slot,current_skill_level,enrolled_date,last_activity,engagement_score,streak_days,modules_completed,total_modules) VALUES ('L-1083','Darrell Daniels','christine55@example.org','DevOps Lead','Data & AI','M-004','GCP-ACE','2026-07-21',6,6,70,3,8.6,34,31,29.9,'high_risk',34,18,18,'Evening','Beginner','2026-04-21','2026-06-07',88,20,5,10) ON CONFLICT DO NOTHING;
INSERT INTO skill_gaps (learner_id, skill_area, gap_score) VALUES ('L-1083', 'Azure Architecture', 79);
INSERT INTO skill_gaps (learner_id, skill_area, gap_score) VALUES ('L-1083', 'Security & Compliance', 77);
INSERT INTO skill_gaps (learner_id, skill_area, gap_score) VALUES ('L-1083', 'DevOps & CI/CD', 73);
INSERT INTO skill_gaps (learner_id, skill_area, gap_score) VALUES ('L-1083', 'Networking', 27);
INSERT INTO skill_gaps (learner_id, skill_area, gap_score) VALUES ('L-1083', 'IAM & Access', 74);
INSERT INTO skill_gaps (learner_id, skill_area, gap_score) VALUES ('L-1083', 'Storage & Databases', 69);
INSERT INTO skill_gaps (learner_id, skill_area, gap_score) VALUES ('L-1083', 'AI / ML Services', 44);
INSERT INTO skill_gaps (learner_id, skill_area, gap_score) VALUES ('L-1083', 'Kubernetes & Containers', 34);
INSERT INTO learners (learner_id,name,email,role,department,manager_id,certification_id,exam_date,weeks_until_exam,hours_studied,total_required_hours,weekly_available_hours,completion_pct,practice_score,assessment_score,pass_probability,risk_level,confidence_score,meeting_hours_weekly,focus_hours_weekly,preferred_learning_slot,current_skill_level,enrolled_date,last_activity,engagement_score,streak_days,modules_completed,total_modules) VALUES ('L-1084','Paula Prince','rhonda52@example.com','Cloud Engineer','Data & AI','M-004','AZ-305','2026-07-28',7,43,120,7,35.8,87,86,75.8,'exam_ready',87,27,7,'Evening','Intermediate','2026-05-05','2026-06-02',64,30,6,12) ON CONFLICT DO NOTHING;
INSERT INTO skill_gaps (learner_id, skill_area, gap_score) VALUES ('L-1084', 'Azure Architecture', 22);
INSERT INTO skill_gaps (learner_id, skill_area, gap_score) VALUES ('L-1084', 'Security & Compliance', 33);
INSERT INTO skill_gaps (learner_id, skill_area, gap_score) VALUES ('L-1084', 'DevOps & CI/CD', 27);
INSERT INTO skill_gaps (learner_id, skill_area, gap_score) VALUES ('L-1084', 'Networking', 71);
INSERT INTO skill_gaps (learner_id, skill_area, gap_score) VALUES ('L-1084', 'IAM & Access', 51);
INSERT INTO skill_gaps (learner_id, skill_area, gap_score) VALUES ('L-1084', 'Storage & Databases', 41);
INSERT INTO skill_gaps (learner_id, skill_area, gap_score) VALUES ('L-1084', 'AI / ML Services', 10);
INSERT INTO skill_gaps (learner_id, skill_area, gap_score) VALUES ('L-1084', 'Kubernetes & Containers', 43);
INSERT INTO learners (learner_id,name,email,role,department,manager_id,certification_id,exam_date,weeks_until_exam,hours_studied,total_required_hours,weekly_available_hours,completion_pct,practice_score,assessment_score,pass_probability,risk_level,confidence_score,meeting_hours_weekly,focus_hours_weekly,preferred_learning_slot,current_skill_level,enrolled_date,last_activity,engagement_score,streak_days,modules_completed,total_modules) VALUES ('L-1085','Elizabeth Huynh','nicole87@example.org','Cloud Engineer','Data & AI','M-004','AZ-900','2026-09-01',12,20,40,10,50.0,54,57,45.9,'moderate_risk',54,17,21,'Evening','Beginner','2026-04-07','2026-06-07',88,23,10,13) ON CONFLICT DO NOTHING;
INSERT INTO skill_gaps (learner_id, skill_area, gap_score) VALUES ('L-1085', 'Azure Architecture', 74);
INSERT INTO skill_gaps (learner_id, skill_area, gap_score) VALUES ('L-1085', 'Security & Compliance', 49);
INSERT INTO skill_gaps (learner_id, skill_area, gap_score) VALUES ('L-1085', 'DevOps & CI/CD', 25);
INSERT INTO skill_gaps (learner_id, skill_area, gap_score) VALUES ('L-1085', 'Networking', 47);
INSERT INTO skill_gaps (learner_id, skill_area, gap_score) VALUES ('L-1085', 'IAM & Access', 57);
INSERT INTO skill_gaps (learner_id, skill_area, gap_score) VALUES ('L-1085', 'Storage & Databases', 88);
INSERT INTO skill_gaps (learner_id, skill_area, gap_score) VALUES ('L-1085', 'AI / ML Services', 38);
INSERT INTO skill_gaps (learner_id, skill_area, gap_score) VALUES ('L-1085', 'Kubernetes & Containers', 38);
INSERT INTO learners (learner_id,name,email,role,department,manager_id,certification_id,exam_date,weeks_until_exam,hours_studied,total_required_hours,weekly_available_hours,completion_pct,practice_score,assessment_score,pass_probability,risk_level,confidence_score,meeting_hours_weekly,focus_hours_weekly,preferred_learning_slot,current_skill_level,enrolled_date,last_activity,engagement_score,streak_days,modules_completed,total_modules) VALUES ('L-1086','Mark Snow','vespinoza@example.net','ML Engineer','Data & AI','M-004','AWS-DVA','2026-08-18',10,73,75,12,97.3,100,89,94.6,'exam_ready',100,15,24,'Evening','Beginner','2026-04-21','2026-06-02',44,21,4,15) ON CONFLICT DO NOTHING;
INSERT INTO skill_gaps (learner_id, skill_area, gap_score) VALUES ('L-1086', 'Azure Architecture', 24);
INSERT INTO skill_gaps (learner_id, skill_area, gap_score) VALUES ('L-1086', 'Security & Compliance', 17);
INSERT INTO skill_gaps (learner_id, skill_area, gap_score) VALUES ('L-1086', 'DevOps & CI/CD', 80);
INSERT INTO skill_gaps (learner_id, skill_area, gap_score) VALUES ('L-1086', 'Networking', 74);
INSERT INTO skill_gaps (learner_id, skill_area, gap_score) VALUES ('L-1086', 'IAM & Access', 35);
INSERT INTO skill_gaps (learner_id, skill_area, gap_score) VALUES ('L-1086', 'Storage & Databases', 83);
INSERT INTO skill_gaps (learner_id, skill_area, gap_score) VALUES ('L-1086', 'AI / ML Services', 78);
INSERT INTO skill_gaps (learner_id, skill_area, gap_score) VALUES ('L-1086', 'Kubernetes & Containers', 29);

COMMIT;